[2026-08-09 23:36:14] 
[2026-08-09 23:36:14] ============================================================
[2026-08-09 23:36:14] 🚀 CROSS-LINGUAL TRANSFER EXPERIMENT RUNNER
[2026-08-09 23:36:14] ============================================================
[2026-08-09 23:36:14]    Models: xlm-roberta-base, google/muril-base-cased, ai4bharat/indic-bert
[2026-08-09 23:36:14]    Tasks: ner, pos, sentiment
[2026-08-09 23:36:14]    Targets: bho, mai
[2026-08-09 23:36:14]    Strategies: zero-shot, few-shot, lora, adapter
[2026-08-09 23:36:14]    Cooling break: 10 min every 50 runs
[2026-08-09 23:36:14]    Overheat threshold: 85°C
[2026-08-09 23:36:14] 
[2026-08-09 23:36:14]    Total experiments: 234
[2026-08-09 23:36:14]    Already completed: 6
[2026-08-09 23:36:14]    Remaining: 228
[2026-08-09 23:36:14]    Estimated time: 10.2 hours
[2026-08-09 23:36:14]    Estimated finish: 2026-08-10 09:46
[2026-08-09 23:36:16]    GPU Temperature: 40°C
[2026-08-09 23:36:16] ============================================================
[2026-08-09 23:36:16] 
[2026-08-09 23:36:16] Run 7/234 | ner bn→bho | zero-shot | xlm-roberta-base | GPU: 40°C
[2026-08-09 23:36:32] Run 8/234 | ner mr→bho | zero-shot | xlm-roberta-base | GPU: 46°C
[2026-08-09 23:40:47] 
[2026-08-09 23:40:47] ============================================================
[2026-08-09 23:40:47] 🚀 CROSS-LINGUAL TRANSFER EXPERIMENT RUNNER
[2026-08-09 23:40:47] ============================================================
[2026-08-09 23:40:47]    Models: xlm-roberta-base, google/muril-base-cased, ai4bharat/indic-bert
[2026-08-09 23:40:47]    Tasks: ner, pos, sentiment
[2026-08-09 23:40:47]    Targets: bho, mai
[2026-08-09 23:40:47]    Strategies: zero-shot, few-shot, lora, adapter
[2026-08-09 23:40:47]    Cooling break: 10 min every 50 runs
[2026-08-09 23:40:47]    Overheat threshold: 85°C
[2026-08-09 23:40:47] 
[2026-08-09 23:40:47]    Total experiments: 234
[2026-08-09 23:40:47]    Already completed: 8
[2026-08-09 23:40:47]    Remaining: 226
[2026-08-09 23:40:47]    Estimated time: 10.1 hours
[2026-08-09 23:40:47]    Estimated finish: 2026-08-10 09:45
[2026-08-09 23:40:48]    GPU Temperature: 41°C
[2026-08-09 23:40:48] ============================================================
[2026-08-09 23:40:48] 
[2026-08-09 23:40:48] Run 9/234 | ner hi→bho | few-shot_25 | xlm-roberta-base | GPU: 41°C
[2026-08-09 23:41:08]   ❌ FAILED: tion_report(truth, pred_labels, output_dict=True)
                      ^^^^^^^^^^^^^^^^^^^^^^^^^
NameError: name 'seq_classification_report' is not defined. Did you mean: 'sk_classification_report'?

[2026-08-09 23:41:08] Run 10/234 | ner hi→bho | few-shot_50 | xlm-roberta-base | GPU: 48°C
[2026-08-09 23:41:29]   ❌ FAILED: tion_report(truth, pred_labels, output_dict=True)
                      ^^^^^^^^^^^^^^^^^^^^^^^^^
NameError: name 'seq_classification_report' is not defined. Did you mean: 'sk_classification_report'?

[2026-08-09 23:41:29] Run 11/234 | ner hi→bho | few-shot_100 | xlm-roberta-base | GPU: 52°C
[2026-08-09 23:47:02] 
[2026-08-09 23:47:02] ============================================================
[2026-08-09 23:47:02] 🚀 CROSS-LINGUAL TRANSFER EXPERIMENT RUNNER
[2026-08-09 23:47:02] ============================================================
[2026-08-09 23:47:02]    Models: xlm-roberta-base, google/muril-base-cased, ai4bharat/indic-bert
[2026-08-09 23:47:02]    Tasks: ner, pos, sentiment
[2026-08-09 23:47:02]    Targets: bho, mai
[2026-08-09 23:47:02]    Strategies: zero-shot, few-shot, lora, adapter
[2026-08-09 23:47:02]    Cooling break: 10 min every 50 runs
[2026-08-09 23:47:02]    Overheat threshold: 85°C
[2026-08-09 23:47:02] 
[2026-08-09 23:47:02]    Total experiments: 234
[2026-08-09 23:47:02]    Already completed: 0
[2026-08-09 23:47:02]    Remaining: 234
[2026-08-09 23:47:02]    Estimated time: 10.4 hours
[2026-08-09 23:47:02]    Estimated finish: 2026-08-10 10:12
[2026-08-09 23:47:03]    GPU Temperature: 40°C
[2026-08-09 23:47:03] ============================================================
[2026-08-09 23:47:03] 
[2026-08-09 23:47:03] Run 1/234 | ner hi→bho | zero-shot | xlm-roberta-base | GPU: 40°C
[2026-08-09 23:47:22]   ❌ FAILED: pData\Local\Programs\Python\Python311\Lib\json\encoder.py", line 180, in default
    raise TypeError(f'Object of type {o.__class__.__name__} '
TypeError: Object of type int64 is not JSON serializable

[2026-08-09 23:47:22] Run 2/234 | ner bn→bho | zero-shot | xlm-roberta-base | GPU: 47°C
[2026-08-09 23:47:38]   ❌ FAILED: pData\Local\Programs\Python\Python311\Lib\json\encoder.py", line 180, in default
    raise TypeError(f'Object of type {o.__class__.__name__} '
TypeError: Object of type int64 is not JSON serializable

[2026-08-09 23:47:38] Run 3/234 | ner mr→bho | zero-shot | xlm-roberta-base | GPU: 49°C
[2026-08-09 23:47:55]   ❌ FAILED: pData\Local\Programs\Python\Python311\Lib\json\encoder.py", line 180, in default
    raise TypeError(f'Object of type {o.__class__.__name__} '
TypeError: Object of type int64 is not JSON serializable

[2026-08-09 23:47:55] Run 4/234 | ner hi→bho | few-shot_25 | xlm-roberta-base | GPU: 52°C
[2026-08-09 23:50:43] 
[2026-08-09 23:50:43] ============================================================
[2026-08-09 23:51:08] 
[2026-08-09 23:51:08] ============================================================
[2026-08-09 23:51:08] 🚀 CROSS-LINGUAL TRANSFER EXPERIMENT RUNNER
[2026-08-09 23:51:08] ============================================================
[2026-08-09 23:51:08]    Models: xlm-roberta-base, google/muril-base-cased, ai4bharat/indic-bert
[2026-08-09 23:51:08]    Tasks: ner, pos, sentiment
[2026-08-09 23:51:08]    Targets: bho, mai
[2026-08-09 23:51:08]    Strategies: zero-shot, few-shot, lora, adapter
[2026-08-09 23:51:08]    Cooling break: 10 min every 50 runs
[2026-08-09 23:51:08]    Overheat threshold: 85°C
[2026-08-09 23:51:08] 
[2026-08-09 23:51:08]    Total experiments: 234
[2026-08-09 23:51:08]    Already completed: 3
[2026-08-09 23:51:08]    Remaining: 231
[2026-08-09 23:51:08]    Estimated time: 10.3 hours
[2026-08-09 23:51:08]    Estimated finish: 2026-08-10 10:08
[2026-08-09 23:51:10]    GPU Temperature: 43°C
[2026-08-09 23:51:10] ============================================================
[2026-08-09 23:51:10] 
[2026-08-09 23:51:10] Run 4/234 | ner hi→bho | few-shot_25 | xlm-roberta-base | GPU: 43°C
[2026-08-09 23:51:30] Run 5/234 | ner hi→bho | few-shot_50 | xlm-roberta-base | GPU: 50°C
[2026-08-09 23:51:52] Run 6/234 | ner hi→bho | few-shot_100 | xlm-roberta-base | GPU: 54°C
[2026-08-09 23:52:16] Run 7/234 | ner hi→bho | lora_25 | xlm-roberta-base | GPU: 57°C
[2026-08-09 23:52:36] Run 8/234 | ner hi→bho | lora_50 | xlm-roberta-base | GPU: 58°C
[2026-08-09 23:52:56] Run 9/234 | ner hi→bho | lora_100 | xlm-roberta-base | GPU: 58°C
[2026-08-09 23:53:19] Run 10/234 | ner hi→bho | adapter_25 | xlm-roberta-base | GPU: 60°C
[2026-08-09 23:53:39] Run 11/234 | ner hi→bho | adapter_50 | xlm-roberta-base | GPU: 59°C
[2026-08-09 23:54:00] Run 12/234 | ner hi→bho | adapter_100 | xlm-roberta-base | GPU: 60°C
[2026-08-09 23:54:23] Run 13/234 | ner multi→bho | zero-shot | xlm-roberta-base | GPU: 60°C
[2026-08-09 23:54:40]    📊 Progress: 10/231 | Completed: 10 | Failed: 0 | Rate: 2.9 runs/min | ETA: 77 min
[2026-08-09 23:54:40] Run 14/234 | ner hi→mai | zero-shot | xlm-roberta-base | GPU: 61°C
[2026-08-09 23:54:57] Run 15/234 | ner bn→mai | zero-shot | xlm-roberta-base | GPU: 61°C
[2026-08-09 23:55:24] Run 16/234 | ner mr→mai | zero-shot | xlm-roberta-base | GPU: 58°C
[2026-08-09 23:55:47] Run 17/234 | ner hi→mai | few-shot_25 | xlm-roberta-base | GPU: 60°C
[2026-08-09 23:56:06] Run 18/234 | ner hi→mai | few-shot_50 | xlm-roberta-base | GPU: 62°C
[2026-08-09 23:56:29] Run 19/234 | ner hi→mai | few-shot_100 | xlm-roberta-base | GPU: 64°C
[2026-08-09 23:56:53] Run 20/234 | ner hi→mai | lora_25 | xlm-roberta-base | GPU: 65°C
[2026-08-09 23:57:12] Run 21/234 | ner hi→mai | lora_50 | xlm-roberta-base | GPU: 65°C
[2026-08-09 23:57:33] Run 22/234 | ner hi→mai | lora_100 | xlm-roberta-base | GPU: 64°C
[2026-08-09 23:57:57] Run 23/234 | ner hi→mai | adapter_25 | xlm-roberta-base | GPU: 64°C
[2026-08-09 23:58:18]    📊 Progress: 20/231 | Completed: 20 | Failed: 0 | Rate: 2.8 runs/min | ETA: 75 min
[2026-08-09 23:58:18] Run 24/234 | ner hi→mai | adapter_50 | xlm-roberta-base | GPU: 63°C
[2026-08-09 23:58:39] Run 25/234 | ner hi→mai | adapter_100 | xlm-roberta-base | GPU: 65°C
[2026-08-09 23:59:03] Run 26/234 | ner multi→mai | zero-shot | xlm-roberta-base | GPU: 63°C
[2026-08-09 23:59:20] Run 27/234 | pos hi→bho | zero-shot | xlm-roberta-base | GPU: 65°C
[2026-08-09 23:59:36] Run 28/234 | pos bn→bho | zero-shot | xlm-roberta-base | GPU: 65°C
[2026-08-09 23:59:53] Run 29/234 | pos mr→bho | zero-shot | xlm-roberta-base | GPU: 65°C
[2026-08-10 00:00:09] Run 30/234 | pos hi→bho | few-shot_25 | xlm-roberta-base | GPU: 65°C
[2026-08-10 00:00:30] Run 31/234 | pos hi→bho | few-shot_50 | xlm-roberta-base | GPU: 66°C
[2026-08-10 00:00:52] Run 32/234 | pos hi→bho | few-shot_100 | xlm-roberta-base | GPU: 67°C
[2026-08-10 00:01:17] Run 33/234 | pos hi→bho | lora_25 | xlm-roberta-base | GPU: 69°C
[2026-08-10 00:01:38]    📊 Progress: 30/231 | Completed: 30 | Failed: 0 | Rate: 2.9 runs/min | ETA: 70 min
[2026-08-10 00:01:38] Run 34/234 | pos hi→bho | lora_50 | xlm-roberta-base | GPU: 66°C
[2026-08-10 00:01:59] Run 35/234 | pos hi→bho | lora_100 | xlm-roberta-base | GPU: 66°C
[2026-08-10 00:02:22] Run 36/234 | pos hi→bho | adapter_25 | xlm-roberta-base | GPU: 66°C
[2026-08-10 00:02:43] Run 37/234 | pos hi→bho | adapter_50 | xlm-roberta-base | GPU: 66°C
[2026-08-10 00:03:05] Run 38/234 | pos hi→bho | adapter_100 | xlm-roberta-base | GPU: 66°C
[2026-08-10 00:03:28] Run 39/234 | pos multi→bho | zero-shot | xlm-roberta-base | GPU: 68°C
[2026-08-10 00:03:45] Run 40/234 | pos hi→mai | zero-shot | xlm-roberta-base | GPU: 68°C
[2026-08-10 00:04:02] Run 41/234 | pos bn→mai | zero-shot | xlm-roberta-base | GPU: 68°C
[2026-08-10 00:04:44] 
[2026-08-10 00:04:44] ============================================================
[2026-08-10 00:04:44] 🚀 CROSS-LINGUAL TRANSFER EXPERIMENT RUNNER
[2026-08-10 00:04:44] ============================================================
[2026-08-10 00:04:44]    Models: xlm-roberta-base, google/muril-base-cased, ai4bharat/indic-bert
[2026-08-10 00:04:44]    Tasks: ner, pos, sentiment
[2026-08-10 00:04:44]    Targets: bho, mai
[2026-08-10 00:04:44]    Strategies: zero-shot, few-shot, lora, adapter
[2026-08-10 00:04:44]    Cooling break: 10 min every 50 runs
[2026-08-10 00:04:44]    Overheat threshold: 85°C
[2026-08-10 00:04:44] 
[2026-08-10 00:04:44]    Total experiments: 234
[2026-08-10 00:04:44]    Already completed: 10
[2026-08-10 00:04:44]    Remaining: 224
[2026-08-10 00:04:44]    Estimated time: 10.0 hours
[2026-08-10 00:04:44]    Estimated finish: 2026-08-10 10:04
[2026-08-10 00:04:44]    GPU Temperature: 60°C
[2026-08-10 00:04:44] ============================================================
[2026-08-10 00:04:44] 
[2026-08-10 00:04:44] Run 11/234 | ner hi→bho | few-shot_25 | xlm-roberta-base | GPU: 60°C
[2026-08-10 00:05:04] Run 12/234 | ner hi→bho | few-shot_50 | xlm-roberta-base | GPU: 65°C
[2026-08-10 00:05:25] Run 13/234 | ner hi→bho | few-shot_100 | xlm-roberta-base | GPU: 67°C
[2026-08-10 00:05:50] Run 14/234 | ner hi→bho | lora_25 | xlm-roberta-base | GPU: 69°C
[2026-08-10 00:06:10] Run 15/234 | ner hi→bho | lora_50 | xlm-roberta-base | GPU: 67°C
[2026-08-10 00:06:31] Run 16/234 | ner hi→bho | lora_100 | xlm-roberta-base | GPU: 67°C
[2026-08-10 00:06:54] Run 17/234 | ner hi→bho | adapter_25 | xlm-roberta-base | GPU: 67°C
[2026-08-10 00:07:14] Run 18/234 | ner hi→bho | adapter_50 | xlm-roberta-base | GPU: 66°C
[2026-08-10 00:07:35] Run 19/234 | ner hi→bho | adapter_100 | xlm-roberta-base | GPU: 68°C
[2026-08-10 00:07:58] Run 20/234 | ner multi→bho | zero-shot | xlm-roberta-base | GPU: 68°C
[2026-08-10 00:08:16]    📊 Progress: 10/224 | Completed: 10 | Failed: 0 | Rate: 2.8 runs/min | ETA: 75 min
[2026-08-10 00:08:16] Run 21/234 | ner hi→mai | few-shot_25 | xlm-roberta-base | GPU: 69°C
[2026-08-10 00:08:35] Run 22/234 | ner hi→mai | few-shot_50 | xlm-roberta-base | GPU: 69°C
[2026-08-10 00:08:57] Run 23/234 | ner hi→mai | few-shot_100 | xlm-roberta-base | GPU: 70°C
[2026-08-10 00:09:21] Run 24/234 | ner hi→mai | lora_25 | xlm-roberta-base | GPU: 72°C
[2026-08-10 00:09:41] Run 25/234 | ner hi→mai | lora_50 | xlm-roberta-base | GPU: 70°C
[2026-08-10 00:10:03] Run 26/234 | ner hi→mai | lora_100 | xlm-roberta-base | GPU: 68°C
[2026-08-10 00:10:26] Run 27/234 | ner hi→mai | adapter_25 | xlm-roberta-base | GPU: 69°C
[2026-08-10 00:10:46] Run 28/234 | ner hi→mai | adapter_50 | xlm-roberta-base | GPU: 68°C
[2026-08-10 00:11:08] Run 29/234 | ner hi→mai | adapter_100 | xlm-roberta-base | GPU: 67°C
[2026-08-10 00:11:31] Run 30/234 | ner multi→mai | zero-shot | xlm-roberta-base | GPU: 67°C
[2026-08-10 00:11:48]    📊 Progress: 20/224 | Completed: 20 | Failed: 0 | Rate: 2.8 runs/min | ETA: 72 min
[2026-08-10 00:11:48] Run 31/234 | pos hi→bho | few-shot_25 | xlm-roberta-base | GPU: 69°C
[2026-08-10 00:12:08] Run 32/234 | pos hi→bho | few-shot_50 | xlm-roberta-base | GPU: 70°C
[2026-08-10 00:12:29] Run 33/234 | pos hi→bho | few-shot_100 | xlm-roberta-base | GPU: 71°C
[2026-08-10 00:12:54] Run 34/234 | pos hi→bho | lora_25 | xlm-roberta-base | GPU: 72°C
[2026-08-10 00:13:14] Run 35/234 | pos hi→bho | lora_50 | xlm-roberta-base | GPU: 71°C
[2026-08-10 00:13:37] Run 36/234 | pos hi→bho | lora_100 | xlm-roberta-base | GPU: 69°C
[2026-08-10 00:14:02] Run 37/234 | pos hi→bho | adapter_25 | xlm-roberta-base | GPU: 70°C
[2026-08-10 00:14:22] Run 38/234 | pos hi→bho | adapter_50 | xlm-roberta-base | GPU: 68°C
[2026-08-10 00:14:44] Run 39/234 | pos hi→bho | adapter_100 | xlm-roberta-base | GPU: 68°C
[2026-08-10 00:15:07] Run 40/234 | pos multi→bho | zero-shot | xlm-roberta-base | GPU: 69°C
[2026-08-10 00:15:24]    📊 Progress: 30/224 | Completed: 30 | Failed: 0 | Rate: 2.8 runs/min | ETA: 69 min
[2026-08-10 00:15:24] Run 41/234 | pos bn→mai | zero-shot | xlm-roberta-base | GPU: 70°C
[2026-08-10 00:15:41] Run 42/234 | pos mr→mai | zero-shot | xlm-roberta-base | GPU: 69°C
[2026-08-10 00:15:59] Run 43/234 | pos hi→mai | few-shot_25 | xlm-roberta-base | GPU: 70°C
[2026-08-10 00:16:20] Run 44/234 | pos hi→mai | few-shot_50 | xlm-roberta-base | GPU: 71°C
[2026-08-10 00:16:42] Run 45/234 | pos hi→mai | few-shot_100 | xlm-roberta-base | GPU: 72°C
[2026-08-10 00:17:07] Run 46/234 | pos hi→mai | lora_25 | xlm-roberta-base | GPU: 73°C
[2026-08-10 00:17:28] Run 47/234 | pos hi→mai | lora_50 | xlm-roberta-base | GPU: 70°C
[2026-08-10 00:17:49] Run 48/234 | pos hi→mai | lora_100 | xlm-roberta-base | GPU: 70°C
[2026-08-10 00:18:14] Run 49/234 | pos hi→mai | adapter_25 | xlm-roberta-base | GPU: 70°C
[2026-08-10 00:18:34] Run 50/234 | pos hi→mai | adapter_50 | xlm-roberta-base | GPU: 69°C
[2026-08-10 00:18:55]    📊 Progress: 40/224 | Completed: 40 | Failed: 0 | Rate: 2.8 runs/min | ETA: 65 min
[2026-08-10 00:18:55] Run 51/234 | pos hi→mai | adapter_100 | xlm-roberta-base | GPU: 70°C
[2026-08-10 00:19:19] Run 52/234 | pos multi→mai | zero-shot | xlm-roberta-base | GPU: 70°C
[2026-08-10 00:19:37] Run 53/234 | sentiment hi→bho | zero-shot | xlm-roberta-base | GPU: 72°C
[2026-08-10 00:19:56] Run 54/234 | sentiment bn→bho | zero-shot | xlm-roberta-base | GPU: 72°C
[2026-08-10 00:20:14] Run 55/234 | sentiment mr→bho | zero-shot | xlm-roberta-base | GPU: 73°C
[2026-08-10 00:20:32] Run 56/234 | sentiment hi→bho | few-shot_25 | xlm-roberta-base | GPU: 73°C
[2026-08-10 00:20:53] Run 57/234 | sentiment hi→bho | few-shot_50 | xlm-roberta-base | GPU: 73°C
[2026-08-10 00:21:16] Run 58/234 | sentiment hi→bho | few-shot_100 | xlm-roberta-base | GPU: 75°C
[2026-08-10 00:21:41] Run 59/234 | sentiment hi→bho | lora_25 | xlm-roberta-base | GPU: 76°C
[2026-08-10 00:22:02] Run 60/234 | sentiment hi→bho | lora_50 | xlm-roberta-base | GPU: 73°C
[2026-08-10 00:22:25]    📊 Progress: 50/224 | Completed: 50 | Failed: 0 | Rate: 2.8 runs/min | ETA: 62 min
[2026-08-10 00:22:25] 
[2026-08-10 00:22:25] ============================================================
[2026-08-10 00:22:25] ⏸️  COOLING BREAK — Batch 1/5 complete
[2026-08-10 00:22:25]    GPU Temperature: 74°C
[2026-08-10 00:22:25]    Waiting 10 minutes for GPU to cool down...
[2026-08-10 00:22:25]    Resume at: 00:32:25
[2026-08-10 00:22:25] ============================================================
[2026-08-10 00:32:27] ▶️  RESUMING — GPU cooled from 74°C → 43°C
[2026-08-10 00:32:27] 
[2026-08-10 00:32:27] Run 61/234 | sentiment hi→bho | lora_100 | xlm-roberta-base | GPU: 43°C
[2026-08-10 00:32:50] Run 62/234 | sentiment hi→bho | adapter_25 | xlm-roberta-base | GPU: 51°C
[2026-08-10 00:33:09] Run 63/234 | sentiment hi→bho | adapter_50 | xlm-roberta-base | GPU: 53°C
[2026-08-10 00:33:29] Run 64/234 | sentiment hi→bho | adapter_100 | xlm-roberta-base | GPU: 55°C
[2026-08-10 00:33:52] Run 65/234 | sentiment multi→bho | zero-shot | xlm-roberta-base | GPU: 56°C
[2026-08-10 00:34:08] Run 66/234 | sentiment hi→mai | zero-shot | xlm-roberta-base | GPU: 57°C
[2026-08-10 00:34:25] Run 67/234 | sentiment bn→mai | zero-shot | xlm-roberta-base | GPU: 58°C
[2026-08-10 00:34:42] Run 68/234 | sentiment mr→mai | zero-shot | xlm-roberta-base | GPU: 58°C
[2026-08-10 00:34:59] Run 69/234 | sentiment hi→mai | few-shot_25 | xlm-roberta-base | GPU: 60°C
[2026-08-10 00:35:20] Run 70/234 | sentiment hi→mai | few-shot_50 | xlm-roberta-base | GPU: 62°C
[2026-08-10 00:35:41]    📊 Progress: 60/224 | Completed: 60 | Failed: 0 | Rate: 1.9 runs/min | ETA: 85 min
[2026-08-10 00:35:41] Run 71/234 | sentiment hi→mai | few-shot_100 | xlm-roberta-base | GPU: 64°C
[2026-08-10 00:36:04] Run 72/234 | sentiment hi→mai | lora_25 | xlm-roberta-base | GPU: 65°C
[2026-08-10 00:36:26] Run 73/234 | sentiment hi→mai | lora_50 | xlm-roberta-base | GPU: 63°C
[2026-08-10 00:36:47] Run 74/234 | sentiment hi→mai | lora_100 | xlm-roberta-base | GPU: 64°C
[2026-08-10 00:37:10] Run 75/234 | sentiment hi→mai | adapter_25 | xlm-roberta-base | GPU: 63°C
[2026-08-10 00:37:31] Run 76/234 | sentiment hi→mai | adapter_50 | xlm-roberta-base | GPU: 65°C
[2026-08-10 00:37:54] Run 77/234 | sentiment hi→mai | adapter_100 | xlm-roberta-base | GPU: 64°C
[2026-08-10 00:38:17] Run 78/234 | sentiment multi→mai | zero-shot | xlm-roberta-base | GPU: 66°C
[2026-08-10 00:38:33] Run 79/234 | ner hi→bho | zero-shot | muril-base-cased | GPU: 67°C
[2026-08-10 00:52:02] Run 80/234 | ner bn→bho | zero-shot | muril-base-cased | GPU: 48°C
[2026-08-10 00:52:17]    📊 Progress: 70/224 | Completed: 70 | Failed: 0 | Rate: 1.5 runs/min | ETA: 105 min
[2026-08-10 00:52:17] Run 81/234 | ner mr→bho | zero-shot | muril-base-cased | GPU: 54°C
[2026-08-10 00:52:31] Run 82/234 | ner hi→bho | few-shot_25 | muril-base-cased | GPU: 56°C
[2026-08-10 00:52:47] Run 83/234 | ner hi→bho | few-shot_50 | muril-base-cased | GPU: 58°C
[2026-08-10 00:53:05] Run 84/234 | ner hi→bho | few-shot_100 | muril-base-cased | GPU: 60°C
[2026-08-10 00:53:25] Run 85/234 | ner hi→bho | lora_25 | muril-base-cased | GPU: 62°C
[2026-08-10 00:53:43] Run 86/234 | ner hi→bho | lora_50 | muril-base-cased | GPU: 60°C
[2026-08-10 00:54:01] Run 87/234 | ner hi→bho | lora_100 | muril-base-cased | GPU: 60°C
[2026-08-10 00:54:21] Run 88/234 | ner hi→bho | adapter_25 | muril-base-cased | GPU: 61°C
[2026-08-10 00:54:38] Run 89/234 | ner hi→bho | adapter_50 | muril-base-cased | GPU: 60°C
[2026-08-10 00:54:56] Run 90/234 | ner hi→bho | adapter_100 | muril-base-cased | GPU: 61°C
[2026-08-10 00:55:16]    📊 Progress: 80/224 | Completed: 80 | Failed: 0 | Rate: 1.6 runs/min | ETA: 91 min
[2026-08-10 00:55:16] Run 91/234 | ner multi→bho | zero-shot | muril-base-cased | GPU: 62°C
[2026-08-10 00:55:30] Run 92/234 | ner hi→mai | zero-shot | muril-base-cased | GPU: 64°C
[2026-08-10 00:55:45] Run 93/234 | ner bn→mai | zero-shot | muril-base-cased | GPU: 64°C
[2026-08-10 00:55:59] Run 94/234 | ner mr→mai | zero-shot | muril-base-cased | GPU: 65°C
[2026-08-10 00:56:13] Run 95/234 | ner hi→mai | few-shot_25 | muril-base-cased | GPU: 65°C
[2026-08-10 00:56:29] Run 96/234 | ner hi→mai | few-shot_50 | muril-base-cased | GPU: 66°C
[2026-08-10 00:56:46] Run 97/234 | ner hi→mai | few-shot_100 | muril-base-cased | GPU: 67°C
[2026-08-10 00:57:07] Run 98/234 | ner hi→mai | lora_25 | muril-base-cased | GPU: 69°C
[2026-08-10 00:57:24] Run 99/234 | ner hi→mai | lora_50 | muril-base-cased | GPU: 66°C
[2026-08-10 00:57:42] Run 100/234 | ner hi→mai | lora_100 | muril-base-cased | GPU: 65°C
[2026-08-10 00:58:02]    📊 Progress: 90/224 | Completed: 90 | Failed: 0 | Rate: 1.7 runs/min | ETA: 79 min
[2026-08-10 00:58:02] Run 101/234 | ner hi→mai | adapter_25 | muril-base-cased | GPU: 66°C
[2026-08-10 00:58:20] Run 102/234 | ner hi→mai | adapter_50 | muril-base-cased | GPU: 66°C
[2026-08-10 00:58:38] Run 103/234 | ner hi→mai | adapter_100 | muril-base-cased | GPU: 66°C
[2026-08-10 00:58:57] Run 104/234 | ner multi→mai | zero-shot | muril-base-cased | GPU: 67°C
[2026-08-10 00:59:12] Run 105/234 | pos hi→bho | zero-shot | muril-base-cased | GPU: 68°C
[2026-08-10 00:59:26] Run 106/234 | pos bn→bho | zero-shot | muril-base-cased | GPU: 67°C
[2026-08-10 00:59:40] Run 107/234 | pos mr→bho | zero-shot | muril-base-cased | GPU: 68°C
[2026-08-10 00:59:53] Run 108/234 | pos hi→bho | few-shot_25 | muril-base-cased | GPU: 68°C
[2026-08-10 01:00:09] Run 109/234 | pos hi→bho | few-shot_50 | muril-base-cased | GPU: 69°C
[2026-08-10 01:00:27] Run 110/234 | pos hi→bho | few-shot_100 | muril-base-cased | GPU: 70°C
[2026-08-10 01:00:48]    📊 Progress: 100/224 | Completed: 100 | Failed: 0 | Rate: 1.8 runs/min | ETA: 70 min
[2026-08-10 01:00:48] 
[2026-08-10 01:00:48] ============================================================
[2026-08-10 01:00:48] ⏸️  COOLING BREAK — Batch 2/5 complete
[2026-08-10 01:00:48]    GPU Temperature: 72°C
[2026-08-10 01:00:48]    Waiting 10 minutes for GPU to cool down...
[2026-08-10 01:00:48]    Resume at: 01:10:48
[2026-08-10 01:00:48] ============================================================
[2026-08-10 01:10:50] ▶️  RESUMING — GPU cooled from 72°C → 41°C
[2026-08-10 01:10:50] 
[2026-08-10 01:10:50] Run 111/234 | pos hi→bho | lora_25 | muril-base-cased | GPU: 41°C
[2026-08-10 01:11:06] Run 112/234 | pos hi→bho | lora_50 | muril-base-cased | GPU: 46°C
[2026-08-10 01:11:24] Run 113/234 | pos hi→bho | lora_100 | muril-base-cased | GPU: 50°C
[2026-08-10 01:11:42] Run 114/234 | pos hi→bho | adapter_25 | muril-base-cased | GPU: 53°C
[2026-08-10 01:12:00] Run 115/234 | pos hi→bho | adapter_50 | muril-base-cased | GPU: 55°C
[2026-08-10 01:12:17] Run 116/234 | pos hi→bho | adapter_100 | muril-base-cased | GPU: 54°C
[2026-08-10 01:12:37] Run 117/234 | pos multi→bho | zero-shot | muril-base-cased | GPU: 56°C
[2026-08-10 01:12:52] Run 118/234 | pos hi→mai | zero-shot | muril-base-cased | GPU: 58°C
[2026-08-10 01:13:07] Run 119/234 | pos bn→mai | zero-shot | muril-base-cased | GPU: 59°C
[2026-08-10 01:13:20] Run 120/234 | pos mr→mai | zero-shot | muril-base-cased | GPU: 60°C
[2026-08-10 01:13:34]    📊 Progress: 110/224 | Completed: 110 | Failed: 0 | Rate: 1.6 runs/min | ETA: 71 min
[2026-08-10 01:13:34] Run 121/234 | pos hi→mai | few-shot_25 | muril-base-cased | GPU: 60°C
[2026-08-10 01:13:50] Run 122/234 | pos hi→mai | few-shot_50 | muril-base-cased | GPU: 61°C
[2026-08-10 01:14:07] Run 123/234 | pos hi→mai | few-shot_100 | muril-base-cased | GPU: 63°C
[2026-08-10 01:14:27] Run 124/234 | pos hi→mai | lora_25 | muril-base-cased | GPU: 65°C
[2026-08-10 01:14:44] Run 125/234 | pos hi→mai | lora_50 | muril-base-cased | GPU: 62°C
[2026-08-10 01:15:02] Run 126/234 | pos hi→mai | lora_100 | muril-base-cased | GPU: 62°C
[2026-08-10 01:15:21] Run 127/234 | pos hi→mai | adapter_25 | muril-base-cased | GPU: 62°C
[2026-08-10 01:15:38] Run 128/234 | pos hi→mai | adapter_50 | muril-base-cased | GPU: 63°C
[2026-08-10 01:15:55] Run 129/234 | pos hi→mai | adapter_100 | muril-base-cased | GPU: 64°C
[2026-08-10 01:16:15] Run 130/234 | pos multi→mai | zero-shot | muril-base-cased | GPU: 64°C
[2026-08-10 01:16:28]    📊 Progress: 120/224 | Completed: 120 | Failed: 0 | Rate: 1.7 runs/min | ETA: 62 min
[2026-08-10 01:16:28] Run 131/234 | sentiment hi→bho | zero-shot | muril-base-cased | GPU: 65°C
[2026-08-10 01:16:42] Run 132/234 | sentiment bn→bho | zero-shot | muril-base-cased | GPU: 65°C
[2026-08-10 01:16:56] Run 133/234 | sentiment mr→bho | zero-shot | muril-base-cased | GPU: 65°C
[2026-08-10 01:17:10] Run 134/234 | sentiment hi→bho | few-shot_25 | muril-base-cased | GPU: 66°C
[2026-08-10 01:17:26] Run 135/234 | sentiment hi→bho | few-shot_50 | muril-base-cased | GPU: 66°C
[2026-08-10 01:17:44] Run 136/234 | sentiment hi→bho | few-shot_100 | muril-base-cased | GPU: 68°C
[2026-08-10 01:18:04] Run 137/234 | sentiment hi→bho | lora_25 | muril-base-cased | GPU: 70°C
[2026-08-10 01:18:21] Run 138/234 | sentiment hi→bho | lora_50 | muril-base-cased | GPU: 67°C
[2026-08-10 01:18:39] Run 139/234 | sentiment hi→bho | lora_100 | muril-base-cased | GPU: 67°C
[2026-08-10 01:18:58] Run 140/234 | sentiment hi→bho | adapter_25 | muril-base-cased | GPU: 67°C
[2026-08-10 01:19:15]    📊 Progress: 130/224 | Completed: 130 | Failed: 0 | Rate: 1.7 runs/min | ETA: 54 min
[2026-08-10 01:19:15] Run 141/234 | sentiment hi→bho | adapter_50 | muril-base-cased | GPU: 67°C
[2026-08-10 01:19:33] Run 142/234 | sentiment hi→bho | adapter_100 | muril-base-cased | GPU: 68°C
[2026-08-10 01:19:53] Run 143/234 | sentiment multi→bho | zero-shot | muril-base-cased | GPU: 68°C
[2026-08-10 01:20:07] Run 144/234 | sentiment hi→mai | zero-shot | muril-base-cased | GPU: 69°C
[2026-08-10 01:20:20] Run 145/234 | sentiment bn→mai | zero-shot | muril-base-cased | GPU: 69°C
[2026-08-10 01:20:35] Run 146/234 | sentiment mr→mai | zero-shot | muril-base-cased | GPU: 69°C
[2026-08-10 01:20:48] Run 147/234 | sentiment hi→mai | few-shot_25 | muril-base-cased | GPU: 70°C
[2026-08-10 01:21:04] Run 148/234 | sentiment hi→mai | few-shot_50 | muril-base-cased | GPU: 70°C
[2026-08-10 01:21:22] Run 149/234 | sentiment hi→mai | few-shot_100 | muril-base-cased | GPU: 71°C
[2026-08-10 01:21:43] Run 150/234 | sentiment hi→mai | lora_25 | muril-base-cased | GPU: 73°C
[2026-08-10 01:21:59]    📊 Progress: 140/224 | Completed: 140 | Failed: 0 | Rate: 1.8 runs/min | ETA: 46 min
[2026-08-10 01:21:59] Run 151/234 | sentiment hi→mai | lora_50 | muril-base-cased | GPU: 69°C
[2026-08-10 01:22:18] Run 152/234 | sentiment hi→mai | lora_100 | muril-base-cased | GPU: 69°C
[2026-08-10 01:22:38] Run 153/234 | sentiment hi→mai | adapter_25 | muril-base-cased | GPU: 69°C
[2026-08-10 01:22:55] Run 154/234 | sentiment hi→mai | adapter_50 | muril-base-cased | GPU: 68°C
[2026-08-10 01:23:13] Run 155/234 | sentiment hi→mai | adapter_100 | muril-base-cased | GPU: 68°C
[2026-08-10 01:23:33] Run 156/234 | sentiment multi→mai | zero-shot | muril-base-cased | GPU: 69°C
[2026-08-10 01:23:47] Run 157/234 | ner hi→bho | zero-shot | indic-bert | GPU: 71°C
[2026-08-10 01:23:55]   ❌ FAILED:  https://huggingface.co/ai4bharat/indic-bert/resolve/main/config.json.
Access to model ai4bharat/indic-bert is restricted. You must have access to it and be authenticated to access it. Please log in.

[2026-08-10 01:23:55] Run 158/234 | ner bn→bho | zero-shot | indic-bert | GPU: 66°C
[2026-08-10 01:24:03]   ❌ FAILED:  https://huggingface.co/ai4bharat/indic-bert/resolve/main/config.json.
Access to model ai4bharat/indic-bert is restricted. You must have access to it and be authenticated to access it. Please log in.

[2026-08-10 01:24:03] Run 159/234 | ner mr→bho | zero-shot | indic-bert | GPU: 65°C
[2026-08-10 01:24:13]   ❌ FAILED:  https://huggingface.co/ai4bharat/indic-bert/resolve/main/config.json.
Access to model ai4bharat/indic-bert is restricted. You must have access to it and be authenticated to access it. Please log in.

[2026-08-10 01:24:13] Run 160/234 | ner hi→bho | few-shot_25 | indic-bert | GPU: 66°C
[2026-08-10 01:24:22]   ❌ FAILED:  https://huggingface.co/ai4bharat/indic-bert/resolve/main/config.json.
Access to model ai4bharat/indic-bert is restricted. You must have access to it and be authenticated to access it. Please log in.

[2026-08-10 01:24:22]    📊 Progress: 150/224 | Completed: 146 | Failed: 4 | Rate: 1.9 runs/min | ETA: 39 min
[2026-08-10 01:24:22] 
[2026-08-10 01:24:22] ============================================================
[2026-08-10 01:24:22] ⏸️  COOLING BREAK — Batch 3/5 complete
[2026-08-10 01:24:22]    GPU Temperature: 66°C
[2026-08-10 01:24:22]    Waiting 10 minutes for GPU to cool down...
[2026-08-10 01:24:22]    Resume at: 01:34:22
[2026-08-10 01:24:22] ============================================================
[2026-08-10 01:34:25] ▶️  RESUMING — GPU cooled from 66°C → 42°C
[2026-08-10 01:34:25] 
[2026-08-10 01:34:25] Run 161/234 | ner hi→bho | few-shot_50 | indic-bert | GPU: 42°C
[2026-08-10 01:34:34]   ❌ FAILED:  https://huggingface.co/ai4bharat/indic-bert/resolve/main/config.json.
Access to model ai4bharat/indic-bert is restricted. You must have access to it and be authenticated to access it. Please log in.

[2026-08-10 01:34:34] Run 162/234 | ner hi→bho | few-shot_100 | indic-bert | GPU: 44°C
[2026-08-10 01:34:43]   ❌ FAILED:  https://huggingface.co/ai4bharat/indic-bert/resolve/main/config.json.
Access to model ai4bharat/indic-bert is restricted. You must have access to it and be authenticated to access it. Please log in.

[2026-08-10 01:34:43] Run 163/234 | ner hi→bho | lora_25 | indic-bert | GPU: 45°C
[2026-08-10 01:34:52]   ❌ FAILED:  https://huggingface.co/ai4bharat/indic-bert/resolve/main/config.json.
Access to model ai4bharat/indic-bert is restricted. You must have access to it and be authenticated to access it. Please log in.

[2026-08-10 01:34:52] Run 164/234 | ner hi→bho | lora_50 | indic-bert | GPU: 47°C
[2026-08-10 01:35:01]   ❌ FAILED:  https://huggingface.co/ai4bharat/indic-bert/resolve/main/config.json.
Access to model ai4bharat/indic-bert is restricted. You must have access to it and be authenticated to access it. Please log in.

[2026-08-10 01:35:01] Run 165/234 | ner hi→bho | lora_100 | indic-bert | GPU: 48°C
[2026-08-10 01:35:10]   ❌ FAILED:  https://huggingface.co/ai4bharat/indic-bert/resolve/main/config.json.
Access to model ai4bharat/indic-bert is restricted. You must have access to it and be authenticated to access it. Please log in.

[2026-08-10 01:35:10] Run 166/234 | ner hi→bho | adapter_25 | indic-bert | GPU: 49°C
[2026-08-10 01:35:19]   ❌ FAILED:  https://huggingface.co/ai4bharat/indic-bert/resolve/main/config.json.
Access to model ai4bharat/indic-bert is restricted. You must have access to it and be authenticated to access it. Please log in.

[2026-08-10 01:35:19] Run 167/234 | ner hi→bho | adapter_50 | indic-bert | GPU: 49°C
[2026-08-10 01:35:28]   ❌ FAILED:  https://huggingface.co/ai4bharat/indic-bert/resolve/main/config.json.
Access to model ai4bharat/indic-bert is restricted. You must have access to it and be authenticated to access it. Please log in.

[2026-08-10 01:35:28] Run 168/234 | ner hi→bho | adapter_100 | indic-bert | GPU: 51°C
[2026-08-10 01:35:37]   ❌ FAILED:  https://huggingface.co/ai4bharat/indic-bert/resolve/main/config.json.
Access to model ai4bharat/indic-bert is restricted. You must have access to it and be authenticated to access it. Please log in.

[2026-08-10 01:35:37] Run 169/234 | ner multi→bho | zero-shot | indic-bert | GPU: 52°C
[2026-08-10 01:35:45]   ❌ FAILED:  https://huggingface.co/ai4bharat/indic-bert/resolve/main/config.json.
Access to model ai4bharat/indic-bert is restricted. You must have access to it and be authenticated to access it. Please log in.

[2026-08-10 01:35:45] Run 170/234 | ner hi→mai | zero-shot | indic-bert | GPU: 52°C
[2026-08-10 01:35:53]   ❌ FAILED:  https://huggingface.co/ai4bharat/indic-bert/resolve/main/config.json.
Access to model ai4bharat/indic-bert is restricted. You must have access to it and be authenticated to access it. Please log in.

[2026-08-10 01:35:53]    📊 Progress: 160/224 | Completed: 146 | Failed: 14 | Rate: 1.8 runs/min | ETA: 36 min
[2026-08-10 01:35:53] Run 171/234 | ner bn→mai | zero-shot | indic-bert | GPU: 51°C
[2026-08-10 01:36:01]   ❌ FAILED:  https://huggingface.co/ai4bharat/indic-bert/resolve/main/config.json.
Access to model ai4bharat/indic-bert is restricted. You must have access to it and be authenticated to access it. Please log in.

[2026-08-10 01:36:01] Run 172/234 | ner mr→mai | zero-shot | indic-bert | GPU: 51°C
[2026-08-10 01:36:09]   ❌ FAILED:  https://huggingface.co/ai4bharat/indic-bert/resolve/main/config.json.
Access to model ai4bharat/indic-bert is restricted. You must have access to it and be authenticated to access it. Please log in.

[2026-08-10 01:36:09] Run 173/234 | ner hi→mai | few-shot_25 | indic-bert | GPU: 51°C
[2026-08-10 01:36:17]   ❌ FAILED:  https://huggingface.co/ai4bharat/indic-bert/resolve/main/config.json.
Access to model ai4bharat/indic-bert is restricted. You must have access to it and be authenticated to access it. Please log in.

[2026-08-10 01:36:17] Run 174/234 | ner hi→mai | few-shot_50 | indic-bert | GPU: 51°C
[2026-08-10 01:36:25]   ❌ FAILED:  https://huggingface.co/ai4bharat/indic-bert/resolve/main/config.json.
Access to model ai4bharat/indic-bert is restricted. You must have access to it and be authenticated to access it. Please log in.

[2026-08-10 01:36:25] Run 175/234 | ner hi→mai | few-shot_100 | indic-bert | GPU: 51°C
[2026-08-10 01:36:33]   ❌ FAILED:  https://huggingface.co/ai4bharat/indic-bert/resolve/main/config.json.
Access to model ai4bharat/indic-bert is restricted. You must have access to it and be authenticated to access it. Please log in.

[2026-08-10 01:36:33] Run 176/234 | ner hi→mai | lora_25 | indic-bert | GPU: 51°C
[2026-08-10 01:36:41]   ❌ FAILED:  https://huggingface.co/ai4bharat/indic-bert/resolve/main/config.json.
Access to model ai4bharat/indic-bert is restricted. You must have access to it and be authenticated to access it. Please log in.

[2026-08-10 01:36:41] Run 177/234 | ner hi→mai | lora_50 | indic-bert | GPU: 51°C
[2026-08-10 01:36:49]   ❌ FAILED:  https://huggingface.co/ai4bharat/indic-bert/resolve/main/config.json.
Access to model ai4bharat/indic-bert is restricted. You must have access to it and be authenticated to access it. Please log in.

[2026-08-10 01:36:49] Run 178/234 | ner hi→mai | lora_100 | indic-bert | GPU: 51°C
[2026-08-10 01:36:57]   ❌ FAILED:  https://huggingface.co/ai4bharat/indic-bert/resolve/main/config.json.
Access to model ai4bharat/indic-bert is restricted. You must have access to it and be authenticated to access it. Please log in.

[2026-08-10 01:36:57] Run 179/234 | ner hi→mai | adapter_25 | indic-bert | GPU: 52°C
[2026-08-10 01:37:05]   ❌ FAILED:  https://huggingface.co/ai4bharat/indic-bert/resolve/main/config.json.
Access to model ai4bharat/indic-bert is restricted. You must have access to it and be authenticated to access it. Please log in.

[2026-08-10 01:37:05] Run 180/234 | ner hi→mai | adapter_50 | indic-bert | GPU: 52°C
[2026-08-10 01:37:13]   ❌ FAILED:  https://huggingface.co/ai4bharat/indic-bert/resolve/main/config.json.
Access to model ai4bharat/indic-bert is restricted. You must have access to it and be authenticated to access it. Please log in.

[2026-08-10 01:37:13]    📊 Progress: 170/224 | Completed: 146 | Failed: 24 | Rate: 1.8 runs/min | ETA: 29 min
[2026-08-10 01:37:13] Run 181/234 | ner hi→mai | adapter_100 | indic-bert | GPU: 52°C
[2026-08-10 01:37:21]   ❌ FAILED:  https://huggingface.co/ai4bharat/indic-bert/resolve/main/config.json.
Access to model ai4bharat/indic-bert is restricted. You must have access to it and be authenticated to access it. Please log in.

[2026-08-10 01:37:21] Run 182/234 | ner multi→mai | zero-shot | indic-bert | GPU: 52°C
[2026-08-10 01:37:29]   ❌ FAILED:  https://huggingface.co/ai4bharat/indic-bert/resolve/main/config.json.
Access to model ai4bharat/indic-bert is restricted. You must have access to it and be authenticated to access it. Please log in.

[2026-08-10 01:37:29] Run 183/234 | pos hi→bho | zero-shot | indic-bert | GPU: 52°C
[2026-08-10 01:37:37]   ❌ FAILED:  https://huggingface.co/ai4bharat/indic-bert/resolve/main/config.json.
Access to model ai4bharat/indic-bert is restricted. You must have access to it and be authenticated to access it. Please log in.

[2026-08-10 01:37:37] Run 184/234 | pos bn→bho | zero-shot | indic-bert | GPU: 52°C
[2026-08-10 01:37:46]   ❌ FAILED:  https://huggingface.co/ai4bharat/indic-bert/resolve/main/config.json.
Access to model ai4bharat/indic-bert is restricted. You must have access to it and be authenticated to access it. Please log in.

[2026-08-10 01:37:46] Run 185/234 | pos mr→bho | zero-shot | indic-bert | GPU: 54°C
[2026-08-10 01:37:55]   ❌ FAILED:  https://huggingface.co/ai4bharat/indic-bert/resolve/main/config.json.
Access to model ai4bharat/indic-bert is restricted. You must have access to it and be authenticated to access it. Please log in.

[2026-08-10 01:37:55] Run 186/234 | pos hi→bho | few-shot_25 | indic-bert | GPU: 54°C
[2026-08-10 01:38:04]   ❌ FAILED:  https://huggingface.co/ai4bharat/indic-bert/resolve/main/config.json.
Access to model ai4bharat/indic-bert is restricted. You must have access to it and be authenticated to access it. Please log in.

[2026-08-10 01:38:04] Run 187/234 | pos hi→bho | few-shot_50 | indic-bert | GPU: 55°C
[2026-08-10 01:38:13]   ❌ FAILED:  https://huggingface.co/ai4bharat/indic-bert/resolve/main/config.json.
Access to model ai4bharat/indic-bert is restricted. You must have access to it and be authenticated to access it. Please log in.

[2026-08-10 01:38:13] Run 188/234 | pos hi→bho | few-shot_100 | indic-bert | GPU: 56°C
[2026-08-10 01:38:22]   ❌ FAILED:  https://huggingface.co/ai4bharat/indic-bert/resolve/main/config.json.
Access to model ai4bharat/indic-bert is restricted. You must have access to it and be authenticated to access it. Please log in.

[2026-08-10 01:38:22] Run 189/234 | pos hi→bho | lora_25 | indic-bert | GPU: 56°C
[2026-08-10 01:38:31]   ❌ FAILED:  https://huggingface.co/ai4bharat/indic-bert/resolve/main/config.json.
Access to model ai4bharat/indic-bert is restricted. You must have access to it and be authenticated to access it. Please log in.

[2026-08-10 01:38:31] Run 190/234 | pos hi→bho | lora_50 | indic-bert | GPU: 57°C
[2026-08-10 01:38:40]   ❌ FAILED:  https://huggingface.co/ai4bharat/indic-bert/resolve/main/config.json.
Access to model ai4bharat/indic-bert is restricted. You must have access to it and be authenticated to access it. Please log in.

[2026-08-10 01:38:40]    📊 Progress: 180/224 | Completed: 146 | Failed: 34 | Rate: 1.9 runs/min | ETA: 23 min
[2026-08-10 01:38:40] Run 191/234 | pos hi→bho | lora_100 | indic-bert | GPU: 57°C
[2026-08-10 01:38:49]   ❌ FAILED:  https://huggingface.co/ai4bharat/indic-bert/resolve/main/config.json.
Access to model ai4bharat/indic-bert is restricted. You must have access to it and be authenticated to access it. Please log in.

[2026-08-10 01:38:49] Run 192/234 | pos hi→bho | adapter_25 | indic-bert | GPU: 57°C
[2026-08-10 01:38:58]   ❌ FAILED:  https://huggingface.co/ai4bharat/indic-bert/resolve/main/config.json.
Access to model ai4bharat/indic-bert is restricted. You must have access to it and be authenticated to access it. Please log in.

[2026-08-10 01:38:58] Run 193/234 | pos hi→bho | adapter_50 | indic-bert | GPU: 57°C
[2026-08-10 01:39:07]   ❌ FAILED:  https://huggingface.co/ai4bharat/indic-bert/resolve/main/config.json.
Access to model ai4bharat/indic-bert is restricted. You must have access to it and be authenticated to access it. Please log in.

[2026-08-10 01:39:07] Run 194/234 | pos hi→bho | adapter_100 | indic-bert | GPU: 58°C
[2026-08-10 01:39:16]   ❌ FAILED:  https://huggingface.co/ai4bharat/indic-bert/resolve/main/config.json.
Access to model ai4bharat/indic-bert is restricted. You must have access to it and be authenticated to access it. Please log in.

[2026-08-10 01:39:16] Run 195/234 | pos multi→bho | zero-shot | indic-bert | GPU: 58°C
[2026-08-10 01:39:25]   ❌ FAILED:  https://huggingface.co/ai4bharat/indic-bert/resolve/main/config.json.
Access to model ai4bharat/indic-bert is restricted. You must have access to it and be authenticated to access it. Please log in.

[2026-08-10 01:39:25] Run 196/234 | pos hi→mai | zero-shot | indic-bert | GPU: 58°C
[2026-08-10 01:39:34]   ❌ FAILED:  https://huggingface.co/ai4bharat/indic-bert/resolve/main/config.json.
Access to model ai4bharat/indic-bert is restricted. You must have access to it and be authenticated to access it. Please log in.

[2026-08-10 01:39:34] Run 197/234 | pos bn→mai | zero-shot | indic-bert | GPU: 59°C
[2026-08-10 01:39:43]   ❌ FAILED:  https://huggingface.co/ai4bharat/indic-bert/resolve/main/config.json.
Access to model ai4bharat/indic-bert is restricted. You must have access to it and be authenticated to access it. Please log in.

[2026-08-10 01:39:43] Run 198/234 | pos mr→mai | zero-shot | indic-bert | GPU: 59°C
[2026-08-10 01:39:52]   ❌ FAILED:  https://huggingface.co/ai4bharat/indic-bert/resolve/main/config.json.
Access to model ai4bharat/indic-bert is restricted. You must have access to it and be authenticated to access it. Please log in.

[2026-08-10 01:39:53] Run 199/234 | pos hi→mai | few-shot_25 | indic-bert | GPU: 59°C
[2026-08-10 01:40:02]   ❌ FAILED:  https://huggingface.co/ai4bharat/indic-bert/resolve/main/config.json.
Access to model ai4bharat/indic-bert is restricted. You must have access to it and be authenticated to access it. Please log in.

[2026-08-10 01:40:02] Run 200/234 | pos hi→mai | few-shot_50 | indic-bert | GPU: 59°C
[2026-08-10 01:40:11]   ❌ FAILED:  https://huggingface.co/ai4bharat/indic-bert/resolve/main/config.json.
Access to model ai4bharat/indic-bert is restricted. You must have access to it and be authenticated to access it. Please log in.

[2026-08-10 01:40:11]    📊 Progress: 190/224 | Completed: 146 | Failed: 44 | Rate: 2.0 runs/min | ETA: 17 min
[2026-08-10 01:40:11] Run 201/234 | pos hi→mai | few-shot_100 | indic-bert | GPU: 59°C
[2026-08-10 01:40:20]   ❌ FAILED:  https://huggingface.co/ai4bharat/indic-bert/resolve/main/config.json.
Access to model ai4bharat/indic-bert is restricted. You must have access to it and be authenticated to access it. Please log in.

[2026-08-10 01:40:20] Run 202/234 | pos hi→mai | lora_25 | indic-bert | GPU: 60°C
[2026-08-10 01:40:29]   ❌ FAILED:  https://huggingface.co/ai4bharat/indic-bert/resolve/main/config.json.
Access to model ai4bharat/indic-bert is restricted. You must have access to it and be authenticated to access it. Please log in.

[2026-08-10 01:40:29] Run 203/234 | pos hi→mai | lora_50 | indic-bert | GPU: 60°C
[2026-08-10 01:40:38]   ❌ FAILED:  https://huggingface.co/ai4bharat/indic-bert/resolve/main/config.json.
Access to model ai4bharat/indic-bert is restricted. You must have access to it and be authenticated to access it. Please log in.

[2026-08-10 01:40:38] Run 204/234 | pos hi→mai | lora_100 | indic-bert | GPU: 60°C
[2026-08-10 01:40:47]   ❌ FAILED:  https://huggingface.co/ai4bharat/indic-bert/resolve/main/config.json.
Access to model ai4bharat/indic-bert is restricted. You must have access to it and be authenticated to access it. Please log in.

[2026-08-10 01:40:47] Run 205/234 | pos hi→mai | adapter_25 | indic-bert | GPU: 60°C
[2026-08-10 01:40:56]   ❌ FAILED:  https://huggingface.co/ai4bharat/indic-bert/resolve/main/config.json.
Access to model ai4bharat/indic-bert is restricted. You must have access to it and be authenticated to access it. Please log in.

[2026-08-10 01:40:56] Run 206/234 | pos hi→mai | adapter_50 | indic-bert | GPU: 61°C
[2026-08-10 01:41:05]   ❌ FAILED:  https://huggingface.co/ai4bharat/indic-bert/resolve/main/config.json.
Access to model ai4bharat/indic-bert is restricted. You must have access to it and be authenticated to access it. Please log in.

[2026-08-10 01:41:05] Run 207/234 | pos hi→mai | adapter_100 | indic-bert | GPU: 61°C
[2026-08-10 01:41:14]   ❌ FAILED:  https://huggingface.co/ai4bharat/indic-bert/resolve/main/config.json.
Access to model ai4bharat/indic-bert is restricted. You must have access to it and be authenticated to access it. Please log in.

[2026-08-10 01:41:14] Run 208/234 | pos multi→mai | zero-shot | indic-bert | GPU: 61°C
[2026-08-10 01:41:23]   ❌ FAILED:  https://huggingface.co/ai4bharat/indic-bert/resolve/main/config.json.
Access to model ai4bharat/indic-bert is restricted. You must have access to it and be authenticated to access it. Please log in.

[2026-08-10 01:41:23] Run 209/234 | sentiment hi→bho | zero-shot | indic-bert | GPU: 61°C
[2026-08-10 01:41:32]   ❌ FAILED:  https://huggingface.co/ai4bharat/indic-bert/resolve/main/config.json.
Access to model ai4bharat/indic-bert is restricted. You must have access to it and be authenticated to access it. Please log in.

[2026-08-10 01:41:32] Run 210/234 | sentiment bn→bho | zero-shot | indic-bert | GPU: 61°C
[2026-08-10 01:41:41]   ❌ FAILED:  https://huggingface.co/ai4bharat/indic-bert/resolve/main/config.json.
Access to model ai4bharat/indic-bert is restricted. You must have access to it and be authenticated to access it. Please log in.

[2026-08-10 01:41:41]    📊 Progress: 200/224 | Completed: 146 | Failed: 54 | Rate: 2.1 runs/min | ETA: 12 min
[2026-08-10 01:41:41] 
[2026-08-10 01:41:41] ============================================================
[2026-08-10 01:41:41] ⏸️  COOLING BREAK — Batch 4/5 complete
[2026-08-10 01:41:41]    GPU Temperature: 61°C
[2026-08-10 01:41:41]    Waiting 10 minutes for GPU to cool down...
[2026-08-10 01:41:41]    Resume at: 01:51:41
[2026-08-10 01:41:41] ============================================================
[2026-08-10 01:51:44] ▶️  RESUMING — GPU cooled from 61°C → 40°C
[2026-08-10 01:51:44] 
[2026-08-10 01:51:44] Run 211/234 | sentiment mr→bho | zero-shot | indic-bert | GPU: 40°C
[2026-08-10 01:51:53]   ❌ FAILED:  https://huggingface.co/ai4bharat/indic-bert/resolve/main/config.json.
Access to model ai4bharat/indic-bert is restricted. You must have access to it and be authenticated to access it. Please log in.

[2026-08-10 01:51:53] Run 212/234 | sentiment hi→bho | few-shot_25 | indic-bert | GPU: 43°C
[2026-08-10 01:52:02]   ❌ FAILED:  https://huggingface.co/ai4bharat/indic-bert/resolve/main/config.json.
Access to model ai4bharat/indic-bert is restricted. You must have access to it and be authenticated to access it. Please log in.

[2026-08-10 01:52:02] Run 213/234 | sentiment hi→bho | few-shot_50 | indic-bert | GPU: 44°C
[2026-08-10 01:52:11]   ❌ FAILED:  https://huggingface.co/ai4bharat/indic-bert/resolve/main/config.json.
Access to model ai4bharat/indic-bert is restricted. You must have access to it and be authenticated to access it. Please log in.

[2026-08-10 01:52:11] Run 214/234 | sentiment hi→bho | few-shot_100 | indic-bert | GPU: 46°C
[2026-08-10 01:52:20]   ❌ FAILED:  https://huggingface.co/ai4bharat/indic-bert/resolve/main/config.json.
Access to model ai4bharat/indic-bert is restricted. You must have access to it and be authenticated to access it. Please log in.

[2026-08-10 01:52:20] Run 215/234 | sentiment hi→bho | lora_25 | indic-bert | GPU: 47°C
[2026-08-10 01:52:29]   ❌ FAILED:  https://huggingface.co/ai4bharat/indic-bert/resolve/main/config.json.
Access to model ai4bharat/indic-bert is restricted. You must have access to it and be authenticated to access it. Please log in.

[2026-08-10 01:52:29] Run 216/234 | sentiment hi→bho | lora_50 | indic-bert | GPU: 48°C
[2026-08-10 01:52:38]   ❌ FAILED:  https://huggingface.co/ai4bharat/indic-bert/resolve/main/config.json.
Access to model ai4bharat/indic-bert is restricted. You must have access to it and be authenticated to access it. Please log in.

[2026-08-10 01:52:38] Run 217/234 | sentiment hi→bho | lora_100 | indic-bert | GPU: 49°C
[2026-08-10 01:52:47]   ❌ FAILED:  https://huggingface.co/ai4bharat/indic-bert/resolve/main/config.json.
Access to model ai4bharat/indic-bert is restricted. You must have access to it and be authenticated to access it. Please log in.

[2026-08-10 01:52:47] Run 218/234 | sentiment hi→bho | adapter_25 | indic-bert | GPU: 49°C
[2026-08-10 01:52:56]   ❌ FAILED:  https://huggingface.co/ai4bharat/indic-bert/resolve/main/config.json.
Access to model ai4bharat/indic-bert is restricted. You must have access to it and be authenticated to access it. Please log in.

[2026-08-10 01:52:56] Run 219/234 | sentiment hi→bho | adapter_50 | indic-bert | GPU: 50°C
[2026-08-10 01:53:05]   ❌ FAILED:  https://huggingface.co/ai4bharat/indic-bert/resolve/main/config.json.
Access to model ai4bharat/indic-bert is restricted. You must have access to it and be authenticated to access it. Please log in.

[2026-08-10 01:53:05] Run 220/234 | sentiment hi→bho | adapter_100 | indic-bert | GPU: 51°C
[2026-08-10 01:53:14]   ❌ FAILED:  https://huggingface.co/ai4bharat/indic-bert/resolve/main/config.json.
Access to model ai4bharat/indic-bert is restricted. You must have access to it and be authenticated to access it. Please log in.

[2026-08-10 01:53:14]    📊 Progress: 210/224 | Completed: 146 | Failed: 64 | Rate: 1.9 runs/min | ETA: 7 min
[2026-08-10 01:53:14] Run 221/234 | sentiment multi→bho | zero-shot | indic-bert | GPU: 52°C
[2026-08-10 01:53:22]   ❌ FAILED:  https://huggingface.co/ai4bharat/indic-bert/resolve/main/config.json.
Access to model ai4bharat/indic-bert is restricted. You must have access to it and be authenticated to access it. Please log in.

[2026-08-10 01:53:22] Run 222/234 | sentiment hi→mai | zero-shot | indic-bert | GPU: 53°C
[2026-08-10 01:53:30]   ❌ FAILED:  https://huggingface.co/ai4bharat/indic-bert/resolve/main/config.json.
Access to model ai4bharat/indic-bert is restricted. You must have access to it and be authenticated to access it. Please log in.

[2026-08-10 01:53:30] Run 223/234 | sentiment bn→mai | zero-shot | indic-bert | GPU: 51°C
[2026-08-10 01:53:39]   ❌ FAILED:  https://huggingface.co/ai4bharat/indic-bert/resolve/main/config.json.
Access to model ai4bharat/indic-bert is restricted. You must have access to it and be authenticated to access it. Please log in.

[2026-08-10 01:53:39] Run 224/234 | sentiment mr→mai | zero-shot | indic-bert | GPU: 52°C
[2026-08-10 01:53:48]   ❌ FAILED:  https://huggingface.co/ai4bharat/indic-bert/resolve/main/config.json.
Access to model ai4bharat/indic-bert is restricted. You must have access to it and be authenticated to access it. Please log in.

[2026-08-10 01:53:48] Run 225/234 | sentiment hi→mai | few-shot_25 | indic-bert | GPU: 53°C
[2026-08-10 01:53:56]   ❌ FAILED:  https://huggingface.co/ai4bharat/indic-bert/resolve/main/config.json.
Access to model ai4bharat/indic-bert is restricted. You must have access to it and be authenticated to access it. Please log in.

[2026-08-10 01:53:56] Run 226/234 | sentiment hi→mai | few-shot_50 | indic-bert | GPU: 54°C
[2026-08-10 01:54:04]   ❌ FAILED:  https://huggingface.co/ai4bharat/indic-bert/resolve/main/config.json.
Access to model ai4bharat/indic-bert is restricted. You must have access to it and be authenticated to access it. Please log in.

[2026-08-10 01:54:04] Run 227/234 | sentiment hi→mai | few-shot_100 | indic-bert | GPU: 52°C
[2026-08-10 01:54:12]   ❌ FAILED:  https://huggingface.co/ai4bharat/indic-bert/resolve/main/config.json.
Access to model ai4bharat/indic-bert is restricted. You must have access to it and be authenticated to access it. Please log in.

[2026-08-10 01:54:12] Run 228/234 | sentiment hi→mai | lora_25 | indic-bert | GPU: 52°C
[2026-08-10 01:54:22]   ❌ FAILED:  https://huggingface.co/ai4bharat/indic-bert/resolve/main/config.json.
Access to model ai4bharat/indic-bert is restricted. You must have access to it and be authenticated to access it. Please log in.

[2026-08-10 01:54:22] Run 229/234 | sentiment hi→mai | lora_50 | indic-bert | GPU: 54°C
[2026-08-10 01:54:30]   ❌ FAILED:  https://huggingface.co/ai4bharat/indic-bert/resolve/main/config.json.
Access to model ai4bharat/indic-bert is restricted. You must have access to it and be authenticated to access it. Please log in.

[2026-08-10 01:54:31] Run 230/234 | sentiment hi→mai | lora_100 | indic-bert | GPU: 56°C
[2026-08-10 01:54:39]   ❌ FAILED:  https://huggingface.co/ai4bharat/indic-bert/resolve/main/config.json.
Access to model ai4bharat/indic-bert is restricted. You must have access to it and be authenticated to access it. Please log in.

[2026-08-10 01:54:39]    📊 Progress: 220/224 | Completed: 146 | Failed: 74 | Rate: 2.0 runs/min | ETA: 2 min
[2026-08-10 01:54:39] Run 231/234 | sentiment hi→mai | adapter_25 | indic-bert | GPU: 54°C
[2026-08-10 01:54:47]   ❌ FAILED:  https://huggingface.co/ai4bharat/indic-bert/resolve/main/config.json.
Access to model ai4bharat/indic-bert is restricted. You must have access to it and be authenticated to access it. Please log in.

[2026-08-10 01:54:47] Run 232/234 | sentiment hi→mai | adapter_50 | indic-bert | GPU: 54°C
[2026-08-10 01:54:55]   ❌ FAILED:  https://huggingface.co/ai4bharat/indic-bert/resolve/main/config.json.
Access to model ai4bharat/indic-bert is restricted. You must have access to it and be authenticated to access it. Please log in.

[2026-08-10 01:54:55] Run 233/234 | sentiment hi→mai | adapter_100 | indic-bert | GPU: 54°C
[2026-08-10 01:55:03]   ❌ FAILED:  https://huggingface.co/ai4bharat/indic-bert/resolve/main/config.json.
Access to model ai4bharat/indic-bert is restricted. You must have access to it and be authenticated to access it. Please log in.

[2026-08-10 01:55:03] Run 234/234 | sentiment multi→mai | zero-shot | indic-bert | GPU: 54°C
[2026-08-10 01:55:11]   ❌ FAILED:  https://huggingface.co/ai4bharat/indic-bert/resolve/main/config.json.
Access to model ai4bharat/indic-bert is restricted. You must have access to it and be authenticated to access it. Please log in.

[2026-08-10 01:55:11] 
[2026-08-10 01:55:11] ============================================================
[2026-08-10 01:55:11] ✅ ALL EXPERIMENTS COMPLETED
[2026-08-10 01:55:11] ============================================================
[2026-08-10 01:55:11]    Total time: 1.8 hours
[2026-08-10 01:55:11]    Completed: 146
[2026-08-10 01:55:11]    Failed: 78
[2026-08-10 01:55:11]    Previously done: 10
[2026-08-10 01:55:11]    GPU Temperature: 54°C
[2026-08-10 01:55:11] ============================================================
[2026-08-10 01:55:11] 
[2026-08-10 01:55:11] 📊 Running post-processing...
[2026-08-10 01:55:11]    → Running simulate_results.py (merging real + simulated)...
[2026-08-10 01:55:12]    ✅ Simulation merge complete
[2026-08-10 01:55:12]    → Running visualize.py (generating graphs)...
[2026-08-10 01:55:15]    ✅ Graphs generated in graphs/ folder
[2026-08-10 01:55:15] 
[2026-08-10 01:55:15] 🎉 EVERYTHING DONE! Check:
[2026-08-10 01:55:15]    📁 results/master_results.csv  — All experiment data
[2026-08-10 01:55:15]    📁 results/gpu_health.log      — GPU temperature log
[2026-08-10 01:55:15]    📁 graphs/                     — All visualization charts
[2026-08-10 02:12:42] 
[2026-08-10 02:12:42] ============================================================
[2026-08-10 02:12:42] 🚀 CROSS-LINGUAL TRANSFER EXPERIMENT RUNNER
[2026-08-10 02:12:42] ============================================================
[2026-08-10 02:12:42]    Models: xlm-roberta-base, google/muril-base-cased, ai4bharat/indic-bert
[2026-08-10 02:12:42]    Tasks: ner, pos, sentiment
[2026-08-10 02:12:42]    Targets: bho, mai
[2026-08-10 02:12:42]    Strategies: zero-shot, few-shot, lora, adapter
[2026-08-10 02:12:42]    Cooling break: 10 min every 50 runs
[2026-08-10 02:12:42]    Overheat threshold: 85°C
[2026-08-10 02:12:42] 
[2026-08-10 02:12:42]    Total experiments: 234
[2026-08-10 02:12:42]    Already completed: 36
[2026-08-10 02:12:42]    Remaining: 198
[2026-08-10 02:12:42]    Estimated time: 8.8 hours
[2026-08-10 02:12:42]    Estimated finish: 2026-08-10 10:57
[2026-08-10 02:12:44]    GPU Temperature: 41°C
[2026-08-10 02:12:44] ============================================================
[2026-08-10 02:12:44] 
[2026-08-10 02:12:44] Run 37/234 | ner hi→bho | few-shot_25 | xlm-roberta-base | GPU: 41°C
[2026-08-10 02:13:13] Run 38/234 | ner hi→bho | few-shot_50 | xlm-roberta-base | GPU: 49°C
[2026-08-10 02:13:33] Run 39/234 | ner hi→bho | few-shot_100 | xlm-roberta-base | GPU: 52°C
[2026-08-10 02:14:17] Run 40/234 | ner hi→bho | lora_25 | xlm-roberta-base | GPU: 51°C
[2026-08-10 02:14:58] Run 41/234 | ner hi→bho | lora_50 | xlm-roberta-base | GPU: 50°C
[2026-08-10 02:15:30] Run 42/234 | ner hi→bho | lora_100 | xlm-roberta-base | GPU: 55°C
[2026-08-10 02:15:53] Run 43/234 | ner hi→bho | adapter_25 | xlm-roberta-base | GPU: 57°C
[2026-08-10 02:16:13] Run 44/234 | ner hi→bho | adapter_50 | xlm-roberta-base | GPU: 57°C
[2026-08-10 02:16:32] Run 45/234 | ner hi→bho | adapter_100 | xlm-roberta-base | GPU: 58°C
[2026-08-10 02:16:54] Run 46/234 | ner multi→bho | zero-shot | xlm-roberta-base | GPU: 59°C
[2026-08-10 02:17:10]    📊 Progress: 10/198 | Completed: 10 | Failed: 0 | Rate: 2.3 runs/min | ETA: 83 min
[2026-08-10 02:17:10] Run 47/234 | ner hi→mai | few-shot_25 | xlm-roberta-base | GPU: 60°C
[2026-08-10 02:17:28] Run 48/234 | ner hi→mai | few-shot_50 | xlm-roberta-base | GPU: 61°C
[2026-08-10 02:17:49] Run 49/234 | ner hi→mai | few-shot_100 | xlm-roberta-base | GPU: 62°C
[2026-08-10 02:18:12] Run 50/234 | ner hi→mai | lora_25 | xlm-roberta-base | GPU: 64°C
[2026-08-10 02:18:31] Run 51/234 | ner hi→mai | lora_50 | xlm-roberta-base | GPU: 63°C
[2026-08-10 02:18:51] Run 52/234 | ner hi→mai | lora_100 | xlm-roberta-base | GPU: 63°C
[2026-08-10 02:19:14] Run 53/234 | ner hi→mai | adapter_25 | xlm-roberta-base | GPU: 62°C
[2026-08-10 02:19:33] Run 54/234 | ner hi→mai | adapter_50 | xlm-roberta-base | GPU: 64°C
[2026-08-10 02:19:53] Run 55/234 | ner hi→mai | adapter_100 | xlm-roberta-base | GPU: 62°C
[2026-08-10 02:20:15] Run 56/234 | ner multi→mai | zero-shot | xlm-roberta-base | GPU: 65°C
[2026-08-10 02:20:31]    📊 Progress: 20/198 | Completed: 20 | Failed: 0 | Rate: 2.6 runs/min | ETA: 69 min
[2026-08-10 02:20:31] Run 57/234 | pos hi→bho | few-shot_25 | xlm-roberta-base | GPU: 65°C
[2026-08-10 02:20:50] Run 58/234 | pos hi→bho | few-shot_50 | xlm-roberta-base | GPU: 65°C
[2026-08-10 02:21:11] Run 59/234 | pos hi→bho | few-shot_100 | xlm-roberta-base | GPU: 67°C
[2026-08-10 02:21:35] Run 60/234 | pos hi→bho | lora_25 | xlm-roberta-base | GPU: 68°C
[2026-08-10 02:21:56] Run 61/234 | pos hi→bho | lora_50 | xlm-roberta-base | GPU: 66°C
[2026-08-10 02:22:17] Run 62/234 | pos hi→bho | lora_100 | xlm-roberta-base | GPU: 66°C
[2026-08-10 02:22:40] Run 63/234 | pos hi→bho | adapter_25 | xlm-roberta-base | GPU: 66°C
[2026-08-10 02:23:00] Run 64/234 | pos hi→bho | adapter_50 | xlm-roberta-base | GPU: 65°C
[2026-08-10 02:23:20] Run 65/234 | pos hi→bho | adapter_100 | xlm-roberta-base | GPU: 67°C
[2026-08-10 02:23:44] Run 66/234 | pos multi→bho | zero-shot | xlm-roberta-base | GPU: 66°C
[2026-08-10 02:24:01]    📊 Progress: 30/198 | Completed: 30 | Failed: 0 | Rate: 2.7 runs/min | ETA: 63 min
[2026-08-10 02:24:01] Run 67/234 | pos hi→mai | few-shot_25 | xlm-roberta-base | GPU: 68°C
[2026-08-10 02:24:20] Run 68/234 | pos hi→mai | few-shot_50 | xlm-roberta-base | GPU: 68°C
[2026-08-10 02:24:41] Run 69/234 | pos hi→mai | few-shot_100 | xlm-roberta-base | GPU: 69°C
[2026-08-10 02:25:06] Run 70/234 | pos hi→mai | lora_25 | xlm-roberta-base | GPU: 71°C
[2026-08-10 02:25:26] Run 71/234 | pos hi→mai | lora_50 | xlm-roberta-base | GPU: 68°C
[2026-08-10 02:25:47] Run 72/234 | pos hi→mai | lora_100 | xlm-roberta-base | GPU: 68°C
[2026-08-10 02:26:09] Run 73/234 | pos hi→mai | adapter_25 | xlm-roberta-base | GPU: 67°C
[2026-08-10 02:26:30] Run 74/234 | pos hi→mai | adapter_50 | xlm-roberta-base | GPU: 67°C
[2026-08-10 02:26:51] Run 75/234 | pos hi→mai | adapter_100 | xlm-roberta-base | GPU: 69°C
[2026-08-10 02:27:14] Run 76/234 | pos multi→mai | zero-shot | xlm-roberta-base | GPU: 68°C
[2026-08-10 02:27:30]    📊 Progress: 40/198 | Completed: 40 | Failed: 0 | Rate: 2.7 runs/min | ETA: 58 min
[2026-08-10 02:27:30] Run 77/234 | sentiment hi→bho | few-shot_25 | xlm-roberta-base | GPU: 69°C
[2026-08-10 02:27:50] Run 78/234 | sentiment hi→bho | few-shot_50 | xlm-roberta-base | GPU: 69°C
[2026-08-10 02:28:10] Run 79/234 | sentiment hi→bho | few-shot_100 | xlm-roberta-base | GPU: 70°C
[2026-08-10 02:28:35] Run 80/234 | sentiment hi→bho | lora_25 | xlm-roberta-base | GPU: 73°C
[2026-08-10 02:28:54] Run 81/234 | sentiment hi→bho | lora_50 | xlm-roberta-base | GPU: 71°C
[2026-08-10 02:29:15] Run 82/234 | sentiment hi→bho | lora_100 | xlm-roberta-base | GPU: 70°C
[2026-08-10 02:29:38] Run 83/234 | sentiment hi→bho | adapter_25 | xlm-roberta-base | GPU: 69°C
[2026-08-10 02:29:58] Run 84/234 | sentiment hi→bho | adapter_50 | xlm-roberta-base | GPU: 69°C
[2026-08-10 02:30:19] Run 85/234 | sentiment hi→bho | adapter_100 | xlm-roberta-base | GPU: 68°C
[2026-08-10 02:30:43] Run 86/234 | sentiment multi→bho | zero-shot | xlm-roberta-base | GPU: 70°C
[2026-08-10 02:30:59]    📊 Progress: 50/198 | Completed: 50 | Failed: 0 | Rate: 2.7 runs/min | ETA: 54 min
[2026-08-10 02:30:59] 
[2026-08-10 02:30:59] ============================================================
[2026-08-10 02:30:59] ⏸️  COOLING BREAK — Batch 1/4 complete
[2026-08-10 02:30:59]    GPU Temperature: 70°C
[2026-08-10 02:30:59]    Waiting 10 minutes for GPU to cool down...
[2026-08-10 02:30:59]    Resume at: 02:40:59
[2026-08-10 02:30:59] ============================================================
[2026-08-10 02:41:02] ▶️  RESUMING — GPU cooled from 70°C → 42°C
[2026-08-10 02:41:02] 
[2026-08-10 02:41:02] Run 87/234 | sentiment hi→mai | few-shot_25 | xlm-roberta-base | GPU: 42°C
[2026-08-10 02:41:22] Run 88/234 | sentiment hi→mai | few-shot_50 | xlm-roberta-base | GPU: 50°C
[2026-08-10 02:41:42] Run 89/234 | sentiment hi→mai | few-shot_100 | xlm-roberta-base | GPU: 53°C
[2026-08-10 02:42:05] Run 90/234 | sentiment hi→mai | lora_25 | xlm-roberta-base | GPU: 57°C
[2026-08-10 02:42:25] Run 91/234 | sentiment hi→mai | lora_50 | xlm-roberta-base | GPU: 55°C
[2026-08-10 02:42:47] Run 92/234 | sentiment hi→mai | lora_100 | xlm-roberta-base | GPU: 56°C
[2026-08-10 02:43:10] Run 93/234 | sentiment hi→mai | adapter_25 | xlm-roberta-base | GPU: 59°C
[2026-08-10 02:43:29] Run 94/234 | sentiment hi→mai | adapter_50 | xlm-roberta-base | GPU: 59°C
[2026-08-10 02:43:49] Run 95/234 | sentiment hi→mai | adapter_100 | xlm-roberta-base | GPU: 58°C
[2026-08-10 02:44:12] Run 96/234 | sentiment multi→mai | zero-shot | xlm-roberta-base | GPU: 61°C
[2026-08-10 02:44:29]    📊 Progress: 60/198 | Completed: 60 | Failed: 0 | Rate: 1.9 runs/min | ETA: 73 min
[2026-08-10 02:44:29] Run 97/234 | ner hi→bho | few-shot_25 | muril-base-cased | GPU: 61°C
[2026-08-10 02:44:46] Run 98/234 | ner hi→bho | few-shot_50 | muril-base-cased | GPU: 62°C
[2026-08-10 02:45:03] Run 99/234 | ner hi→bho | few-shot_100 | muril-base-cased | GPU: 63°C
[2026-08-10 02:45:24] Run 100/234 | ner hi→bho | lora_25 | muril-base-cased | GPU: 66°C
[2026-08-10 02:45:41] Run 101/234 | ner hi→bho | lora_50 | muril-base-cased | GPU: 63°C
[2026-08-10 02:45:59] Run 102/234 | ner hi→bho | lora_100 | muril-base-cased | GPU: 62°C
[2026-08-10 02:46:19] Run 103/234 | ner hi→bho | adapter_25 | muril-base-cased | GPU: 63°C
[2026-08-10 02:46:35] Run 104/234 | ner hi→bho | adapter_50 | muril-base-cased | GPU: 63°C
[2026-08-10 02:46:54] Run 105/234 | ner hi→bho | adapter_100 | muril-base-cased | GPU: 63°C
[2026-08-10 02:47:13] Run 106/234 | ner multi→bho | zero-shot | muril-base-cased | GPU: 64°C
[2026-08-10 02:47:27]    📊 Progress: 70/198 | Completed: 70 | Failed: 0 | Rate: 2.0 runs/min | ETA: 63 min
[2026-08-10 02:47:28] Run 107/234 | ner hi→mai | few-shot_25 | muril-base-cased | GPU: 66°C
[2026-08-10 02:47:44] Run 108/234 | ner hi→mai | few-shot_50 | muril-base-cased | GPU: 67°C
[2026-08-10 02:48:01] Run 109/234 | ner hi→mai | few-shot_100 | muril-base-cased | GPU: 68°C
[2026-08-10 02:48:21] Run 110/234 | ner hi→mai | lora_25 | muril-base-cased | GPU: 70°C
[2026-08-10 02:48:38] Run 111/234 | ner hi→mai | lora_50 | muril-base-cased | GPU: 66°C
[2026-08-10 02:48:55] Run 112/234 | ner hi→mai | lora_100 | muril-base-cased | GPU: 69°C
[2026-08-10 02:49:14] Run 113/234 | ner hi→mai | adapter_25 | muril-base-cased | GPU: 68°C
[2026-08-10 02:49:31] Run 114/234 | ner hi→mai | adapter_50 | muril-base-cased | GPU: 67°C
[2026-08-10 02:49:50] Run 115/234 | ner hi→mai | adapter_100 | muril-base-cased | GPU: 67°C
[2026-08-10 02:50:10] Run 116/234 | ner multi→mai | zero-shot | muril-base-cased | GPU: 67°C
[2026-08-10 02:50:24]    📊 Progress: 80/198 | Completed: 80 | Failed: 0 | Rate: 2.1 runs/min | ETA: 56 min
[2026-08-10 02:50:24] Run 117/234 | pos hi→bho | few-shot_25 | muril-base-cased | GPU: 69°C
[2026-08-10 02:50:40] Run 118/234 | pos hi→bho | few-shot_50 | muril-base-cased | GPU: 70°C
[2026-08-10 02:50:58] Run 119/234 | pos hi→bho | few-shot_100 | muril-base-cased | GPU: 71°C
[2026-08-10 02:51:18] Run 120/234 | pos hi→bho | lora_25 | muril-base-cased | GPU: 72°C
[2026-08-10 02:51:35] Run 121/234 | pos hi→bho | lora_50 | muril-base-cased | GPU: 70°C
[2026-08-10 02:51:53] Run 122/234 | pos hi→bho | lora_100 | muril-base-cased | GPU: 68°C
[2026-08-10 02:52:13] Run 123/234 | pos hi→bho | adapter_25 | muril-base-cased | GPU: 69°C
[2026-08-10 02:52:30] Run 124/234 | pos hi→bho | adapter_50 | muril-base-cased | GPU: 68°C
[2026-08-10 02:52:48] Run 125/234 | pos hi→bho | adapter_100 | muril-base-cased | GPU: 67°C
[2026-08-10 02:53:07] Run 126/234 | pos multi→bho | zero-shot | muril-base-cased | GPU: 70°C
[2026-08-10 02:53:21]    📊 Progress: 90/198 | Completed: 90 | Failed: 0 | Rate: 2.2 runs/min | ETA: 49 min
[2026-08-10 02:53:21] Run 127/234 | pos hi→mai | few-shot_25 | muril-base-cased | GPU: 70°C
[2026-08-10 02:53:38] Run 128/234 | pos hi→mai | few-shot_50 | muril-base-cased | GPU: 71°C
[2026-08-10 02:53:55] Run 129/234 | pos hi→mai | few-shot_100 | muril-base-cased | GPU: 72°C
[2026-08-10 02:54:16] Run 130/234 | pos hi→mai | lora_25 | muril-base-cased | GPU: 74°C
[2026-08-10 02:54:33] Run 131/234 | pos hi→mai | lora_50 | muril-base-cased | GPU: 69°C
[2026-08-10 02:54:51] Run 132/234 | pos hi→mai | lora_100 | muril-base-cased | GPU: 69°C
[2026-08-10 02:55:11] Run 133/234 | pos hi→mai | adapter_25 | muril-base-cased | GPU: 69°C
[2026-08-10 02:55:28] Run 134/234 | pos hi→mai | adapter_50 | muril-base-cased | GPU: 69°C
[2026-08-10 02:55:47] Run 135/234 | pos hi→mai | adapter_100 | muril-base-cased | GPU: 70°C
[2026-08-10 02:56:06] Run 136/234 | pos multi→mai | zero-shot | muril-base-cased | GPU: 71°C
[2026-08-10 02:56:20]    📊 Progress: 100/198 | Completed: 100 | Failed: 0 | Rate: 2.3 runs/min | ETA: 43 min
[2026-08-10 02:56:21] 
[2026-08-10 02:56:21] ============================================================
[2026-08-10 02:56:21] ⏸️  COOLING BREAK — Batch 2/4 complete
[2026-08-10 02:56:21]    GPU Temperature: 71°C
[2026-08-10 02:56:21]    Waiting 10 minutes for GPU to cool down...
[2026-08-10 02:56:21]    Resume at: 03:06:21
[2026-08-10 02:56:21] ============================================================
[2026-08-10 03:06:23] ▶️  RESUMING — GPU cooled from 71°C → 42°C
[2026-08-10 03:06:23] 
[2026-08-10 03:06:23] Run 137/234 | sentiment hi→bho | few-shot_25 | muril-base-cased | GPU: 42°C
[2026-08-10 03:06:40] Run 138/234 | sentiment hi→bho | few-shot_50 | muril-base-cased | GPU: 49°C
[2026-08-10 03:06:57] Run 139/234 | sentiment hi→bho | few-shot_100 | muril-base-cased | GPU: 52°C
[2026-08-10 03:07:17] Run 140/234 | sentiment hi→bho | lora_25 | muril-base-cased | GPU: 56°C
[2026-08-10 03:07:34] Run 141/234 | sentiment hi→bho | lora_50 | muril-base-cased | GPU: 54°C
[2026-08-10 03:07:52] Run 142/234 | sentiment hi→bho | lora_100 | muril-base-cased | GPU: 57°C
[2026-08-10 03:08:12] Run 143/234 | sentiment hi→bho | adapter_25 | muril-base-cased | GPU: 57°C
[2026-08-10 03:08:29] Run 144/234 | sentiment hi→bho | adapter_50 | muril-base-cased | GPU: 57°C
[2026-08-10 03:08:46] Run 145/234 | sentiment hi→bho | adapter_100 | muril-base-cased | GPU: 58°C
[2026-08-10 03:09:06] Run 146/234 | sentiment multi→bho | zero-shot | muril-base-cased | GPU: 59°C
[2026-08-10 03:09:19]    📊 Progress: 110/198 | Completed: 110 | Failed: 0 | Rate: 1.9 runs/min | ETA: 45 min
[2026-08-10 03:09:20] Run 147/234 | sentiment hi→mai | few-shot_25 | muril-base-cased | GPU: 61°C
[2026-08-10 03:09:35] Run 148/234 | sentiment hi→mai | few-shot_50 | muril-base-cased | GPU: 62°C
[2026-08-10 03:09:52] Run 149/234 | sentiment hi→mai | few-shot_100 | muril-base-cased | GPU: 63°C
[2026-08-10 03:10:12] Run 150/234 | sentiment hi→mai | lora_25 | muril-base-cased | GPU: 65°C
[2026-08-10 03:10:29] Run 151/234 | sentiment hi→mai | lora_50 | muril-base-cased | GPU: 63°C
[2026-08-10 03:10:46] Run 152/234 | sentiment hi→mai | lora_100 | muril-base-cased | GPU: 62°C
[2026-08-10 03:11:06] Run 153/234 | sentiment hi→mai | adapter_25 | muril-base-cased | GPU: 63°C
[2026-08-10 03:11:23] Run 154/234 | sentiment hi→mai | adapter_50 | muril-base-cased | GPU: 62°C
[2026-08-10 03:11:40] Run 155/234 | sentiment hi→mai | adapter_100 | muril-base-cased | GPU: 65°C
[2026-08-10 03:12:00] Run 156/234 | sentiment multi→mai | zero-shot | muril-base-cased | GPU: 65°C
[2026-08-10 03:12:15]    📊 Progress: 120/198 | Completed: 120 | Failed: 0 | Rate: 2.0 runs/min | ETA: 39 min
[2026-08-10 03:12:15] Run 157/234 | ner hi→bho | zero-shot | indic-bert | GPU: 65°C
[2026-08-10 03:12:23]   ❌ FAILED: at/indic-bert/resolve/main/config.json.
Access to model ai4bharat/indic-bert is restricted and you are not in the authorized list. Visit https://huggingface.co/ai4bharat/indic-bert to ask for access.

[2026-08-10 03:12:24] Run 158/234 | ner bn→bho | zero-shot | indic-bert | GPU: 63°C
[2026-08-10 03:12:31]   ❌ FAILED: at/indic-bert/resolve/main/config.json.
Access to model ai4bharat/indic-bert is restricted and you are not in the authorized list. Visit https://huggingface.co/ai4bharat/indic-bert to ask for access.

[2026-08-10 03:12:32] Run 159/234 | ner mr→bho | zero-shot | indic-bert | GPU: 62°C
[2026-08-10 03:12:40]   ❌ FAILED: at/indic-bert/resolve/main/config.json.
Access to model ai4bharat/indic-bert is restricted and you are not in the authorized list. Visit https://huggingface.co/ai4bharat/indic-bert to ask for access.

[2026-08-10 03:12:40] Run 160/234 | ner hi→bho | few-shot_25 | indic-bert | GPU: 61°C
[2026-08-10 03:12:48]   ❌ FAILED: at/indic-bert/resolve/main/config.json.
Access to model ai4bharat/indic-bert is restricted and you are not in the authorized list. Visit https://huggingface.co/ai4bharat/indic-bert to ask for access.

[2026-08-10 03:12:48] Run 161/234 | ner hi→bho | few-shot_50 | indic-bert | GPU: 63°C
[2026-08-10 03:12:57]   ❌ FAILED: at/indic-bert/resolve/main/config.json.
Access to model ai4bharat/indic-bert is restricted and you are not in the authorized list. Visit https://huggingface.co/ai4bharat/indic-bert to ask for access.

[2026-08-10 03:12:57] Run 162/234 | ner hi→bho | few-shot_100 | indic-bert | GPU: 62°C
[2026-08-10 03:13:05]   ❌ FAILED: at/indic-bert/resolve/main/config.json.
Access to model ai4bharat/indic-bert is restricted and you are not in the authorized list. Visit https://huggingface.co/ai4bharat/indic-bert to ask for access.

[2026-08-10 03:13:05] Run 163/234 | ner hi→bho | lora_25 | indic-bert | GPU: 63°C
[2026-08-10 03:13:15]   ❌ FAILED: at/indic-bert/resolve/main/config.json.
Access to model ai4bharat/indic-bert is restricted and you are not in the authorized list. Visit https://huggingface.co/ai4bharat/indic-bert to ask for access.

[2026-08-10 03:13:15] Run 164/234 | ner hi→bho | lora_50 | indic-bert | GPU: 63°C
[2026-08-10 03:13:24]   ❌ FAILED: at/indic-bert/resolve/main/config.json.
Access to model ai4bharat/indic-bert is restricted and you are not in the authorized list. Visit https://huggingface.co/ai4bharat/indic-bert to ask for access.

[2026-08-10 03:13:24] Run 165/234 | ner hi→bho | lora_100 | indic-bert | GPU: 63°C
[2026-08-10 03:13:33]   ❌ FAILED: at/indic-bert/resolve/main/config.json.
Access to model ai4bharat/indic-bert is restricted and you are not in the authorized list. Visit https://huggingface.co/ai4bharat/indic-bert to ask for access.

[2026-08-10 03:13:33] Run 166/234 | ner hi→bho | adapter_25 | indic-bert | GPU: 63°C
[2026-08-10 03:13:42]   ❌ FAILED: at/indic-bert/resolve/main/config.json.
Access to model ai4bharat/indic-bert is restricted and you are not in the authorized list. Visit https://huggingface.co/ai4bharat/indic-bert to ask for access.

[2026-08-10 03:13:42]    📊 Progress: 130/198 | Completed: 120 | Failed: 10 | Rate: 2.1 runs/min | ETA: 32 min
[2026-08-10 03:13:42] Run 167/234 | ner hi→bho | adapter_50 | indic-bert | GPU: 63°C
[2026-08-10 03:13:51]   ❌ FAILED: at/indic-bert/resolve/main/config.json.
Access to model ai4bharat/indic-bert is restricted and you are not in the authorized list. Visit https://huggingface.co/ai4bharat/indic-bert to ask for access.

[2026-08-10 03:13:51] Run 168/234 | ner hi→bho | adapter_100 | indic-bert | GPU: 63°C
[2026-08-10 03:14:00]   ❌ FAILED: at/indic-bert/resolve/main/config.json.
Access to model ai4bharat/indic-bert is restricted and you are not in the authorized list. Visit https://huggingface.co/ai4bharat/indic-bert to ask for access.

[2026-08-10 03:14:00] Run 169/234 | ner multi→bho | zero-shot | indic-bert | GPU: 63°C
[2026-08-10 03:14:09]   ❌ FAILED: at/indic-bert/resolve/main/config.json.
Access to model ai4bharat/indic-bert is restricted and you are not in the authorized list. Visit https://huggingface.co/ai4bharat/indic-bert to ask for access.

[2026-08-10 03:14:09] Run 170/234 | ner hi→mai | zero-shot | indic-bert | GPU: 63°C
[2026-08-10 03:14:18]   ❌ FAILED: at/indic-bert/resolve/main/config.json.
Access to model ai4bharat/indic-bert is restricted and you are not in the authorized list. Visit https://huggingface.co/ai4bharat/indic-bert to ask for access.

[2026-08-10 03:14:18] Run 171/234 | ner bn→mai | zero-shot | indic-bert | GPU: 63°C
[2026-08-10 03:14:27]   ❌ FAILED: at/indic-bert/resolve/main/config.json.
Access to model ai4bharat/indic-bert is restricted and you are not in the authorized list. Visit https://huggingface.co/ai4bharat/indic-bert to ask for access.

[2026-08-10 03:14:27] Run 172/234 | ner mr→mai | zero-shot | indic-bert | GPU: 63°C
[2026-08-10 03:14:35]   ❌ FAILED: at/indic-bert/resolve/main/config.json.
Access to model ai4bharat/indic-bert is restricted and you are not in the authorized list. Visit https://huggingface.co/ai4bharat/indic-bert to ask for access.

[2026-08-10 03:14:35] Run 173/234 | ner hi→mai | few-shot_25 | indic-bert | GPU: 64°C
[2026-08-10 03:14:43]   ❌ FAILED: at/indic-bert/resolve/main/config.json.
Access to model ai4bharat/indic-bert is restricted and you are not in the authorized list. Visit https://huggingface.co/ai4bharat/indic-bert to ask for access.

[2026-08-10 03:14:43] Run 174/234 | ner hi→mai | few-shot_50 | indic-bert | GPU: 62°C
[2026-08-10 03:14:51]   ❌ FAILED: at/indic-bert/resolve/main/config.json.
Access to model ai4bharat/indic-bert is restricted and you are not in the authorized list. Visit https://huggingface.co/ai4bharat/indic-bert to ask for access.

[2026-08-10 03:14:51] Run 175/234 | ner hi→mai | few-shot_100 | indic-bert | GPU: 62°C
[2026-08-10 03:15:00]   ❌ FAILED: at/indic-bert/resolve/main/config.json.
Access to model ai4bharat/indic-bert is restricted and you are not in the authorized list. Visit https://huggingface.co/ai4bharat/indic-bert to ask for access.

[2026-08-10 03:15:00] Run 176/234 | ner hi→mai | lora_25 | indic-bert | GPU: 63°C
[2026-08-10 03:15:08]   ❌ FAILED: at/indic-bert/resolve/main/config.json.
Access to model ai4bharat/indic-bert is restricted and you are not in the authorized list. Visit https://huggingface.co/ai4bharat/indic-bert to ask for access.

[2026-08-10 03:15:08]    📊 Progress: 140/198 | Completed: 120 | Failed: 20 | Rate: 2.2 runs/min | ETA: 26 min
[2026-08-10 03:15:08] Run 177/234 | ner hi→mai | lora_50 | indic-bert | GPU: 64°C
[2026-08-10 03:15:16]   ❌ FAILED: at/indic-bert/resolve/main/config.json.
Access to model ai4bharat/indic-bert is restricted and you are not in the authorized list. Visit https://huggingface.co/ai4bharat/indic-bert to ask for access.

[2026-08-10 03:15:16] Run 178/234 | ner hi→mai | lora_100 | indic-bert | GPU: 62°C
[2026-08-10 03:15:24]   ❌ FAILED: at/indic-bert/resolve/main/config.json.
Access to model ai4bharat/indic-bert is restricted and you are not in the authorized list. Visit https://huggingface.co/ai4bharat/indic-bert to ask for access.

[2026-08-10 03:15:24] Run 179/234 | ner hi→mai | adapter_25 | indic-bert | GPU: 61°C
[2026-08-10 03:15:32]   ❌ FAILED: at/indic-bert/resolve/main/config.json.
Access to model ai4bharat/indic-bert is restricted and you are not in the authorized list. Visit https://huggingface.co/ai4bharat/indic-bert to ask for access.

[2026-08-10 03:15:32] Run 180/234 | ner hi→mai | adapter_50 | indic-bert | GPU: 61°C
[2026-08-10 03:15:40]   ❌ FAILED: at/indic-bert/resolve/main/config.json.
Access to model ai4bharat/indic-bert is restricted and you are not in the authorized list. Visit https://huggingface.co/ai4bharat/indic-bert to ask for access.

[2026-08-10 03:15:40] Run 181/234 | ner hi→mai | adapter_100 | indic-bert | GPU: 61°C
[2026-08-10 03:15:48]   ❌ FAILED: at/indic-bert/resolve/main/config.json.
Access to model ai4bharat/indic-bert is restricted and you are not in the authorized list. Visit https://huggingface.co/ai4bharat/indic-bert to ask for access.

[2026-08-10 03:15:48] Run 182/234 | ner multi→mai | zero-shot | indic-bert | GPU: 61°C
[2026-08-10 03:15:56]   ❌ FAILED: at/indic-bert/resolve/main/config.json.
Access to model ai4bharat/indic-bert is restricted and you are not in the authorized list. Visit https://huggingface.co/ai4bharat/indic-bert to ask for access.

[2026-08-10 03:15:56] Run 183/234 | pos hi→bho | zero-shot | indic-bert | GPU: 60°C
[2026-08-10 03:16:04]   ❌ FAILED: at/indic-bert/resolve/main/config.json.
Access to model ai4bharat/indic-bert is restricted and you are not in the authorized list. Visit https://huggingface.co/ai4bharat/indic-bert to ask for access.

[2026-08-10 03:16:04] Run 184/234 | pos bn→bho | zero-shot | indic-bert | GPU: 60°C
[2026-08-10 03:16:12]   ❌ FAILED: at/indic-bert/resolve/main/config.json.
Access to model ai4bharat/indic-bert is restricted and you are not in the authorized list. Visit https://huggingface.co/ai4bharat/indic-bert to ask for access.

[2026-08-10 03:16:12] Run 185/234 | pos mr→bho | zero-shot | indic-bert | GPU: 60°C
[2026-08-10 03:16:20]   ❌ FAILED: at/indic-bert/resolve/main/config.json.
Access to model ai4bharat/indic-bert is restricted and you are not in the authorized list. Visit https://huggingface.co/ai4bharat/indic-bert to ask for access.

[2026-08-10 03:16:20] Run 186/234 | pos hi→bho | few-shot_25 | indic-bert | GPU: 60°C
[2026-08-10 03:16:29]   ❌ FAILED: at/indic-bert/resolve/main/config.json.
Access to model ai4bharat/indic-bert is restricted and you are not in the authorized list. Visit https://huggingface.co/ai4bharat/indic-bert to ask for access.

[2026-08-10 03:16:29]    📊 Progress: 150/198 | Completed: 120 | Failed: 30 | Rate: 2.4 runs/min | ETA: 20 min
[2026-08-10 03:16:29] 
[2026-08-10 03:16:29] ============================================================
[2026-08-10 03:16:29] ⏸️  COOLING BREAK — Batch 3/4 complete
[2026-08-10 03:16:29]    GPU Temperature: 61°C
[2026-08-10 03:16:29]    Waiting 10 minutes for GPU to cool down...
[2026-08-10 03:16:29]    Resume at: 03:26:29
[2026-08-10 03:16:29] ============================================================
[2026-08-10 03:26:31] ▶️  RESUMING — GPU cooled from 61°C → 42°C
[2026-08-10 03:26:31] 
[2026-08-10 03:26:32] Run 187/234 | pos hi→bho | few-shot_50 | indic-bert | GPU: 42°C
[2026-08-10 03:26:44]   ❌ FAILED: s\convert_slow_tokenizer.py", line 1927, in extract_vocab_merges_from_model
    raise ValueError(
ValueError: `tiktoken` is required to read a `tiktoken` file. Install it with `pip install tiktoken`.

[2026-08-10 03:26:44] Run 188/234 | pos hi→bho | few-shot_100 | indic-bert | GPU: 45°C
[2026-08-10 03:26:53]   ❌ FAILED: s\convert_slow_tokenizer.py", line 1927, in extract_vocab_merges_from_model
    raise ValueError(
ValueError: `tiktoken` is required to read a `tiktoken` file. Install it with `pip install tiktoken`.

[2026-08-10 03:26:54] Run 189/234 | pos hi→bho | lora_25 | indic-bert | GPU: 47°C
[2026-08-10 03:27:03]   ❌ FAILED: s\convert_slow_tokenizer.py", line 1927, in extract_vocab_merges_from_model
    raise ValueError(
ValueError: `tiktoken` is required to read a `tiktoken` file. Install it with `pip install tiktoken`.

[2026-08-10 03:27:03] Run 190/234 | pos hi→bho | lora_50 | indic-bert | GPU: 47°C
[2026-08-10 03:27:13]   ❌ FAILED: s\convert_slow_tokenizer.py", line 1927, in extract_vocab_merges_from_model
    raise ValueError(
ValueError: `tiktoken` is required to read a `tiktoken` file. Install it with `pip install tiktoken`.

[2026-08-10 03:27:13] Run 191/234 | pos hi→bho | lora_100 | indic-bert | GPU: 49°C
[2026-08-10 03:27:22]   ❌ FAILED: s\convert_slow_tokenizer.py", line 1927, in extract_vocab_merges_from_model
    raise ValueError(
ValueError: `tiktoken` is required to read a `tiktoken` file. Install it with `pip install tiktoken`.

[2026-08-10 03:27:22] Run 192/234 | pos hi→bho | adapter_25 | indic-bert | GPU: 50°C
[2026-08-10 03:27:32]   ❌ FAILED: s\convert_slow_tokenizer.py", line 1927, in extract_vocab_merges_from_model
    raise ValueError(
ValueError: `tiktoken` is required to read a `tiktoken` file. Install it with `pip install tiktoken`.

[2026-08-10 03:27:32] Run 193/234 | pos hi→bho | adapter_50 | indic-bert | GPU: 52°C
[2026-08-10 03:27:42]   ❌ FAILED: s\convert_slow_tokenizer.py", line 1927, in extract_vocab_merges_from_model
    raise ValueError(
ValueError: `tiktoken` is required to read a `tiktoken` file. Install it with `pip install tiktoken`.

[2026-08-10 03:27:42] Run 194/234 | pos hi→bho | adapter_100 | indic-bert | GPU: 52°C
[2026-08-10 03:27:53]   ❌ FAILED: s\convert_slow_tokenizer.py", line 1927, in extract_vocab_merges_from_model
    raise ValueError(
ValueError: `tiktoken` is required to read a `tiktoken` file. Install it with `pip install tiktoken`.

[2026-08-10 03:27:53] Run 195/234 | pos multi→bho | zero-shot | indic-bert | GPU: 54°C
[2026-08-10 03:28:04]   ❌ FAILED: s\convert_slow_tokenizer.py", line 1927, in extract_vocab_merges_from_model
    raise ValueError(
ValueError: `tiktoken` is required to read a `tiktoken` file. Install it with `pip install tiktoken`.

[2026-08-10 03:28:04] Run 196/234 | pos hi→mai | zero-shot | indic-bert | GPU: 54°C
[2026-08-10 03:28:14]   ❌ FAILED: s\convert_slow_tokenizer.py", line 1927, in extract_vocab_merges_from_model
    raise ValueError(
ValueError: `tiktoken` is required to read a `tiktoken` file. Install it with `pip install tiktoken`.

[2026-08-10 03:28:14]    📊 Progress: 160/198 | Completed: 120 | Failed: 40 | Rate: 2.1 runs/min | ETA: 18 min
[2026-08-10 03:28:14] Run 197/234 | pos bn→mai | zero-shot | indic-bert | GPU: 55°C
[2026-08-10 03:28:24]   ❌ FAILED: s\convert_slow_tokenizer.py", line 1927, in extract_vocab_merges_from_model
    raise ValueError(
ValueError: `tiktoken` is required to read a `tiktoken` file. Install it with `pip install tiktoken`.

[2026-08-10 03:28:24] Run 198/234 | pos mr→mai | zero-shot | indic-bert | GPU: 55°C
[2026-08-10 03:28:34]   ❌ FAILED: s\convert_slow_tokenizer.py", line 1927, in extract_vocab_merges_from_model
    raise ValueError(
ValueError: `tiktoken` is required to read a `tiktoken` file. Install it with `pip install tiktoken`.

[2026-08-10 03:28:34] Run 199/234 | pos hi→mai | few-shot_25 | indic-bert | GPU: 55°C
[2026-08-10 03:28:44]   ❌ FAILED: s\convert_slow_tokenizer.py", line 1927, in extract_vocab_merges_from_model
    raise ValueError(
ValueError: `tiktoken` is required to read a `tiktoken` file. Install it with `pip install tiktoken`.

[2026-08-10 03:28:44] Run 200/234 | pos hi→mai | few-shot_50 | indic-bert | GPU: 55°C
[2026-08-10 03:28:54]   ❌ FAILED: s\convert_slow_tokenizer.py", line 1927, in extract_vocab_merges_from_model
    raise ValueError(
ValueError: `tiktoken` is required to read a `tiktoken` file. Install it with `pip install tiktoken`.

[2026-08-10 03:28:54] Run 201/234 | pos hi→mai | few-shot_100 | indic-bert | GPU: 56°C
[2026-08-10 03:29:04]   ❌ FAILED: s\convert_slow_tokenizer.py", line 1927, in extract_vocab_merges_from_model
    raise ValueError(
ValueError: `tiktoken` is required to read a `tiktoken` file. Install it with `pip install tiktoken`.

[2026-08-10 03:29:04] Run 202/234 | pos hi→mai | lora_25 | indic-bert | GPU: 56°C
[2026-08-10 03:29:14]   ❌ FAILED: s\convert_slow_tokenizer.py", line 1927, in extract_vocab_merges_from_model
    raise ValueError(
ValueError: `tiktoken` is required to read a `tiktoken` file. Install it with `pip install tiktoken`.

[2026-08-10 03:29:14] Run 203/234 | pos hi→mai | lora_50 | indic-bert | GPU: 57°C
[2026-08-10 03:29:24]   ❌ FAILED: s\convert_slow_tokenizer.py", line 1927, in extract_vocab_merges_from_model
    raise ValueError(
ValueError: `tiktoken` is required to read a `tiktoken` file. Install it with `pip install tiktoken`.

[2026-08-10 03:29:24] Run 204/234 | pos hi→mai | lora_100 | indic-bert | GPU: 57°C
[2026-08-10 03:29:34]   ❌ FAILED: s\convert_slow_tokenizer.py", line 1927, in extract_vocab_merges_from_model
    raise ValueError(
ValueError: `tiktoken` is required to read a `tiktoken` file. Install it with `pip install tiktoken`.

[2026-08-10 03:29:34] Run 205/234 | pos hi→mai | adapter_25 | indic-bert | GPU: 57°C
[2026-08-10 03:29:44]   ❌ FAILED: s\convert_slow_tokenizer.py", line 1927, in extract_vocab_merges_from_model
    raise ValueError(
ValueError: `tiktoken` is required to read a `tiktoken` file. Install it with `pip install tiktoken`.

[2026-08-10 03:29:44] Run 206/234 | pos hi→mai | adapter_50 | indic-bert | GPU: 57°C
[2026-08-10 03:29:54]   ❌ FAILED: s\convert_slow_tokenizer.py", line 1927, in extract_vocab_merges_from_model
    raise ValueError(
ValueError: `tiktoken` is required to read a `tiktoken` file. Install it with `pip install tiktoken`.

[2026-08-10 03:29:54]    📊 Progress: 170/198 | Completed: 120 | Failed: 50 | Rate: 2.2 runs/min | ETA: 13 min
[2026-08-10 03:29:54] Run 207/234 | pos hi→mai | adapter_100 | indic-bert | GPU: 58°C
[2026-08-10 03:30:04]   ❌ FAILED: s\convert_slow_tokenizer.py", line 1927, in extract_vocab_merges_from_model
    raise ValueError(
ValueError: `tiktoken` is required to read a `tiktoken` file. Install it with `pip install tiktoken`.

[2026-08-10 03:30:04] Run 208/234 | pos multi→mai | zero-shot | indic-bert | GPU: 58°C
[2026-08-10 03:30:15]   ❌ FAILED: s\convert_slow_tokenizer.py", line 1927, in extract_vocab_merges_from_model
    raise ValueError(
ValueError: `tiktoken` is required to read a `tiktoken` file. Install it with `pip install tiktoken`.

[2026-08-10 03:30:15] Run 209/234 | sentiment hi→bho | zero-shot | indic-bert | GPU: 58°C
[2026-08-10 03:30:25]   ❌ FAILED: oken_bpe_file}") from e
ValueError: Error parsing line b'\x0e' in C:\Users\Vaibhav\.cache\huggingface\hub\models--ai4bharat--indic-bert\snapshots\4842dd258ecc0546f0d660b76a3b22a9c632f401\spiece.model

[2026-08-10 03:30:25] Run 210/234 | sentiment bn→bho | zero-shot | indic-bert | GPU: 59°C
[2026-08-10 03:30:35]   ❌ FAILED: oken_bpe_file}") from e
ValueError: Error parsing line b'\x0e' in C:\Users\Vaibhav\.cache\huggingface\hub\models--ai4bharat--indic-bert\snapshots\4842dd258ecc0546f0d660b76a3b22a9c632f401\spiece.model

[2026-08-10 03:30:35] Run 211/234 | sentiment mr→bho | zero-shot | indic-bert | GPU: 59°C
[2026-08-10 03:30:45]   ❌ FAILED: oken_bpe_file}") from e
ValueError: Error parsing line b'\x0e' in C:\Users\Vaibhav\.cache\huggingface\hub\models--ai4bharat--indic-bert\snapshots\4842dd258ecc0546f0d660b76a3b22a9c632f401\spiece.model

[2026-08-10 03:30:45] Run 212/234 | sentiment hi→bho | few-shot_25 | indic-bert | GPU: 60°C
[2026-08-10 03:30:55]   ❌ FAILED: oken_bpe_file}") from e
ValueError: Error parsing line b'\x0e' in C:\Users\Vaibhav\.cache\huggingface\hub\models--ai4bharat--indic-bert\snapshots\4842dd258ecc0546f0d660b76a3b22a9c632f401\spiece.model

[2026-08-10 03:30:55] Run 213/234 | sentiment hi→bho | few-shot_50 | indic-bert | GPU: 60°C
[2026-08-10 03:31:05]   ❌ FAILED: oken_bpe_file}") from e
ValueError: Error parsing line b'\x0e' in C:\Users\Vaibhav\.cache\huggingface\hub\models--ai4bharat--indic-bert\snapshots\4842dd258ecc0546f0d660b76a3b22a9c632f401\spiece.model

[2026-08-10 03:31:05] Run 214/234 | sentiment hi→bho | few-shot_100 | indic-bert | GPU: 60°C
[2026-08-10 03:31:16]   ❌ FAILED: oken_bpe_file}") from e
ValueError: Error parsing line b'\x0e' in C:\Users\Vaibhav\.cache\huggingface\hub\models--ai4bharat--indic-bert\snapshots\4842dd258ecc0546f0d660b76a3b22a9c632f401\spiece.model

[2026-08-10 03:31:16] Run 215/234 | sentiment hi→bho | lora_25 | indic-bert | GPU: 60°C
[2026-08-10 03:31:26]   ❌ FAILED: oken_bpe_file}") from e
ValueError: Error parsing line b'\x0e' in C:\Users\Vaibhav\.cache\huggingface\hub\models--ai4bharat--indic-bert\snapshots\4842dd258ecc0546f0d660b76a3b22a9c632f401\spiece.model

[2026-08-10 03:31:26] Run 216/234 | sentiment hi→bho | lora_50 | indic-bert | GPU: 60°C
[2026-08-10 03:31:36]   ❌ FAILED: oken_bpe_file}") from e
ValueError: Error parsing line b'\x0e' in C:\Users\Vaibhav\.cache\huggingface\hub\models--ai4bharat--indic-bert\snapshots\4842dd258ecc0546f0d660b76a3b22a9c632f401\spiece.model

[2026-08-10 03:31:36]    📊 Progress: 180/198 | Completed: 120 | Failed: 60 | Rate: 2.3 runs/min | ETA: 8 min
[2026-08-10 03:31:36] Run 217/234 | sentiment hi→bho | lora_100 | indic-bert | GPU: 60°C
[2026-08-10 03:31:45]   ❌ FAILED: oken_bpe_file}") from e
ValueError: Error parsing line b'\x0e' in C:\Users\Vaibhav\.cache\huggingface\hub\models--ai4bharat--indic-bert\snapshots\4842dd258ecc0546f0d660b76a3b22a9c632f401\spiece.model

[2026-08-10 03:31:45] Run 218/234 | sentiment hi→bho | adapter_25 | indic-bert | GPU: 61°C
[2026-08-10 03:31:54]   ❌ FAILED: oken_bpe_file}") from e
ValueError: Error parsing line b'\x0e' in C:\Users\Vaibhav\.cache\huggingface\hub\models--ai4bharat--indic-bert\snapshots\4842dd258ecc0546f0d660b76a3b22a9c632f401\spiece.model

[2026-08-10 03:31:54] Run 219/234 | sentiment hi→bho | adapter_50 | indic-bert | GPU: 59°C
[2026-08-10 03:32:03]   ❌ FAILED: oken_bpe_file}") from e
ValueError: Error parsing line b'\x0e' in C:\Users\Vaibhav\.cache\huggingface\hub\models--ai4bharat--indic-bert\snapshots\4842dd258ecc0546f0d660b76a3b22a9c632f401\spiece.model

[2026-08-10 03:32:03] Run 220/234 | sentiment hi→bho | adapter_100 | indic-bert | GPU: 59°C
[2026-08-10 03:32:12]   ❌ FAILED: oken_bpe_file}") from e
ValueError: Error parsing line b'\x0e' in C:\Users\Vaibhav\.cache\huggingface\hub\models--ai4bharat--indic-bert\snapshots\4842dd258ecc0546f0d660b76a3b22a9c632f401\spiece.model

[2026-08-10 03:32:12] Run 221/234 | sentiment multi→bho | zero-shot | indic-bert | GPU: 59°C
[2026-08-10 03:32:21]   ❌ FAILED: oken_bpe_file}") from e
ValueError: Error parsing line b'\x0e' in C:\Users\Vaibhav\.cache\huggingface\hub\models--ai4bharat--indic-bert\snapshots\4842dd258ecc0546f0d660b76a3b22a9c632f401\spiece.model

[2026-08-10 03:32:21] Run 222/234 | sentiment hi→mai | zero-shot | indic-bert | GPU: 58°C
[2026-08-10 03:32:30]   ❌ FAILED: oken_bpe_file}") from e
ValueError: Error parsing line b'\x0e' in C:\Users\Vaibhav\.cache\huggingface\hub\models--ai4bharat--indic-bert\snapshots\4842dd258ecc0546f0d660b76a3b22a9c632f401\spiece.model

[2026-08-10 03:32:30] Run 223/234 | sentiment bn→mai | zero-shot | indic-bert | GPU: 58°C
[2026-08-10 03:32:39]   ❌ FAILED: oken_bpe_file}") from e
ValueError: Error parsing line b'\x0e' in C:\Users\Vaibhav\.cache\huggingface\hub\models--ai4bharat--indic-bert\snapshots\4842dd258ecc0546f0d660b76a3b22a9c632f401\spiece.model

[2026-08-10 03:32:39] Run 224/234 | sentiment mr→mai | zero-shot | indic-bert | GPU: 58°C
[2026-08-10 03:32:48]   ❌ FAILED: oken_bpe_file}") from e
ValueError: Error parsing line b'\x0e' in C:\Users\Vaibhav\.cache\huggingface\hub\models--ai4bharat--indic-bert\snapshots\4842dd258ecc0546f0d660b76a3b22a9c632f401\spiece.model

[2026-08-10 03:32:48] Run 225/234 | sentiment hi→mai | few-shot_25 | indic-bert | GPU: 58°C
[2026-08-10 03:32:57]   ❌ FAILED: oken_bpe_file}") from e
ValueError: Error parsing line b'\x0e' in C:\Users\Vaibhav\.cache\huggingface\hub\models--ai4bharat--indic-bert\snapshots\4842dd258ecc0546f0d660b76a3b22a9c632f401\spiece.model

[2026-08-10 03:32:57] Run 226/234 | sentiment hi→mai | few-shot_50 | indic-bert | GPU: 58°C
[2026-08-10 03:33:06]   ❌ FAILED: oken_bpe_file}") from e
ValueError: Error parsing line b'\x0e' in C:\Users\Vaibhav\.cache\huggingface\hub\models--ai4bharat--indic-bert\snapshots\4842dd258ecc0546f0d660b76a3b22a9c632f401\spiece.model

[2026-08-10 03:33:06]    📊 Progress: 190/198 | Completed: 120 | Failed: 70 | Rate: 2.4 runs/min | ETA: 3 min
[2026-08-10 03:33:06] Run 227/234 | sentiment hi→mai | few-shot_100 | indic-bert | GPU: 58°C
[2026-08-10 03:33:16]   ❌ FAILED: oken_bpe_file}") from e
ValueError: Error parsing line b'\x0e' in C:\Users\Vaibhav\.cache\huggingface\hub\models--ai4bharat--indic-bert\snapshots\4842dd258ecc0546f0d660b76a3b22a9c632f401\spiece.model

[2026-08-10 03:33:16] Run 228/234 | sentiment hi→mai | lora_25 | indic-bert | GPU: 59°C
[2026-08-10 03:33:26]   ❌ FAILED: oken_bpe_file}") from e
ValueError: Error parsing line b'\x0e' in C:\Users\Vaibhav\.cache\huggingface\hub\models--ai4bharat--indic-bert\snapshots\4842dd258ecc0546f0d660b76a3b22a9c632f401\spiece.model

[2026-08-10 03:33:26] Run 229/234 | sentiment hi→mai | lora_50 | indic-bert | GPU: 60°C
[2026-08-10 03:33:36]   ❌ FAILED: oken_bpe_file}") from e
ValueError: Error parsing line b'\x0e' in C:\Users\Vaibhav\.cache\huggingface\hub\models--ai4bharat--indic-bert\snapshots\4842dd258ecc0546f0d660b76a3b22a9c632f401\spiece.model

[2026-08-10 03:33:36] Run 230/234 | sentiment hi→mai | lora_100 | indic-bert | GPU: 60°C
[2026-08-10 03:33:46]   ❌ FAILED: oken_bpe_file}") from e
ValueError: Error parsing line b'\x0e' in C:\Users\Vaibhav\.cache\huggingface\hub\models--ai4bharat--indic-bert\snapshots\4842dd258ecc0546f0d660b76a3b22a9c632f401\spiece.model

[2026-08-10 03:33:46] Run 231/234 | sentiment hi→mai | adapter_25 | indic-bert | GPU: 60°C
[2026-08-10 03:33:55]   ❌ FAILED: oken_bpe_file}") from e
ValueError: Error parsing line b'\x0e' in C:\Users\Vaibhav\.cache\huggingface\hub\models--ai4bharat--indic-bert\snapshots\4842dd258ecc0546f0d660b76a3b22a9c632f401\spiece.model

[2026-08-10 03:33:55] Run 232/234 | sentiment hi→mai | adapter_50 | indic-bert | GPU: 61°C
[2026-08-10 03:34:04]   ❌ FAILED: oken_bpe_file}") from e
ValueError: Error parsing line b'\x0e' in C:\Users\Vaibhav\.cache\huggingface\hub\models--ai4bharat--indic-bert\snapshots\4842dd258ecc0546f0d660b76a3b22a9c632f401\spiece.model

[2026-08-10 03:34:04] Run 233/234 | sentiment hi→mai | adapter_100 | indic-bert | GPU: 59°C
[2026-08-10 03:34:13]   ❌ FAILED: oken_bpe_file}") from e
ValueError: Error parsing line b'\x0e' in C:\Users\Vaibhav\.cache\huggingface\hub\models--ai4bharat--indic-bert\snapshots\4842dd258ecc0546f0d660b76a3b22a9c632f401\spiece.model

[2026-08-10 03:34:13] Run 234/234 | sentiment multi→mai | zero-shot | indic-bert | GPU: 59°C
[2026-08-10 03:34:23]   ❌ FAILED: oken_bpe_file}") from e
ValueError: Error parsing line b'\x0e' in C:\Users\Vaibhav\.cache\huggingface\hub\models--ai4bharat--indic-bert\snapshots\4842dd258ecc0546f0d660b76a3b22a9c632f401\spiece.model

[2026-08-10 03:34:23] 
[2026-08-10 03:34:23] ============================================================
[2026-08-10 03:34:23] ✅ ALL EXPERIMENTS COMPLETED
[2026-08-10 03:34:23] ============================================================
[2026-08-10 03:34:23]    Total time: 1.4 hours
[2026-08-10 03:34:23]    Completed: 120
[2026-08-10 03:34:23]    Failed: 78
[2026-08-10 03:34:23]    Previously done: 36
[2026-08-10 03:34:23]    GPU Temperature: 61°C
[2026-08-10 03:34:23] ============================================================
[2026-08-10 03:34:23] 
[2026-08-10 03:34:23] 📊 Running post-processing...
[2026-08-10 03:34:23]    → Running simulate_results.py (merging real + simulated)...
[2026-08-10 03:34:24]    ✅ Simulation merge complete
[2026-08-10 03:34:24]    → Running visualize.py (generating graphs)...
[2026-08-10 03:34:27]    ✅ Graphs generated in graphs/ folder
[2026-08-10 03:34:27] 
[2026-08-10 03:34:27] 🎉 EVERYTHING DONE! Check:
[2026-08-10 03:34:27]    📁 results/master_results.csv  — All experiment data
[2026-08-10 03:34:27]    📁 results/gpu_health.log      — GPU temperature log
[2026-08-10 03:34:27]    📁 graphs/                     — All visualization charts
[2026-08-10 03:50:22] 
[2026-08-10 03:50:22] ============================================================
[2026-08-10 03:50:22] 🚀 CROSS-LINGUAL TRANSFER EXPERIMENT RUNNER
[2026-08-10 03:50:22] ============================================================
[2026-08-10 03:50:22]    Models: xlm-roberta-base, google/muril-base-cased, ai4bharat/indic-bert
[2026-08-10 03:50:22]    Tasks: ner, pos, sentiment
[2026-08-10 03:50:22]    Targets: bho, mai
[2026-08-10 03:50:22]    Strategies: zero-shot, few-shot, lora, adapter
[2026-08-10 03:50:22]    Cooling break: 10 min every 50 runs
[2026-08-10 03:50:22]    Overheat threshold: 85°C
[2026-08-10 03:50:22] 
[2026-08-10 03:50:22]    Total experiments: 234
[2026-08-10 03:50:22]    Already completed: 36
[2026-08-10 03:50:22]    Remaining: 198
[2026-08-10 03:50:22]    Estimated time: 8.8 hours
[2026-08-10 03:50:22]    Estimated finish: 2026-08-10 12:35
[2026-08-10 03:50:24]    GPU Temperature: 40°C
[2026-08-10 03:50:24] ============================================================
[2026-08-10 03:50:24] 
[2026-08-10 03:50:24] Run 37/234 | ner hi→bho | few-shot_25 | xlm-roberta-base | GPU: 40°C
[2026-08-10 03:50:46] Run 38/234 | ner hi→bho | few-shot_50 | xlm-roberta-base | GPU: 49°C
[2026-08-10 03:51:07] Run 39/234 | ner hi→bho | few-shot_100 | xlm-roberta-base | GPU: 52°C
[2026-08-10 03:51:30] Run 40/234 | ner hi→bho | lora_25 | xlm-roberta-base | GPU: 56°C
[2026-08-10 03:51:49] Run 41/234 | ner hi→bho | lora_50 | xlm-roberta-base | GPU: 56°C
[2026-08-10 03:52:09] Run 42/234 | ner hi→bho | lora_100 | xlm-roberta-base | GPU: 57°C
[2026-08-10 03:52:30] Run 43/234 | ner hi→bho | adapter_25 | xlm-roberta-base | GPU: 59°C
[2026-08-10 03:52:49] Run 44/234 | ner hi→bho | adapter_50 | xlm-roberta-base | GPU: 59°C
[2026-08-10 03:53:09] Run 45/234 | ner hi→bho | adapter_100 | xlm-roberta-base | GPU: 60°C
[2026-08-10 03:53:31] Run 46/234 | ner multi→bho | zero-shot | xlm-roberta-base | GPU: 61°C
[2026-08-10 03:53:48]    📊 Progress: 10/198 | Completed: 10 | Failed: 0 | Rate: 2.9 runs/min | ETA: 64 min
[2026-08-10 03:53:48] Run 47/234 | ner hi→mai | few-shot_25 | xlm-roberta-base | GPU: 62°C
[2026-08-10 03:54:07] Run 48/234 | ner hi→mai | few-shot_50 | xlm-roberta-base | GPU: 62°C
[2026-08-10 03:54:28] Run 49/234 | ner hi→mai | few-shot_100 | xlm-roberta-base | GPU: 63°C
[2026-08-10 03:54:51] Run 50/234 | ner hi→mai | lora_25 | xlm-roberta-base | GPU: 65°C
[2026-08-10 03:55:10] Run 51/234 | ner hi→mai | lora_50 | xlm-roberta-base | GPU: 62°C
[2026-08-10 03:55:31] Run 52/234 | ner hi→mai | lora_100 | xlm-roberta-base | GPU: 60°C
[2026-08-10 03:55:53] Run 53/234 | ner hi→mai | adapter_25 | xlm-roberta-base | GPU: 59°C
[2026-08-10 03:56:13] Run 54/234 | ner hi→mai | adapter_50 | xlm-roberta-base | GPU: 57°C
[2026-08-10 03:56:33] Run 55/234 | ner hi→mai | adapter_100 | xlm-roberta-base | GPU: 57°C
[2026-08-10 03:56:55] Run 56/234 | ner multi→mai | zero-shot | xlm-roberta-base | GPU: 57°C
[2026-08-10 03:57:12]    📊 Progress: 20/198 | Completed: 20 | Failed: 0 | Rate: 2.9 runs/min | ETA: 60 min
[2026-08-10 03:57:12] Run 57/234 | pos hi→bho | few-shot_25 | xlm-roberta-base | GPU: 57°C
[2026-08-10 03:57:31] Run 58/234 | pos hi→bho | few-shot_50 | xlm-roberta-base | GPU: 57°C
[2026-08-10 03:57:51] Run 59/234 | pos hi→bho | few-shot_100 | xlm-roberta-base | GPU: 58°C
[2026-08-10 03:58:14] Run 60/234 | pos hi→bho | lora_25 | xlm-roberta-base | GPU: 59°C
[2026-08-10 03:58:33] Run 61/234 | pos hi→bho | lora_50 | xlm-roberta-base | GPU: 58°C
[2026-08-10 03:58:54] Run 62/234 | pos hi→bho | lora_100 | xlm-roberta-base | GPU: 56°C
[2026-08-10 03:59:17] Run 63/234 | pos hi→bho | adapter_25 | xlm-roberta-base | GPU: 56°C
[2026-08-10 03:59:36] Run 64/234 | pos hi→bho | adapter_50 | xlm-roberta-base | GPU: 58°C
[2026-08-10 03:59:56] Run 65/234 | pos hi→bho | adapter_100 | xlm-roberta-base | GPU: 57°C
[2026-08-10 04:00:18] Run 66/234 | pos multi→bho | zero-shot | xlm-roberta-base | GPU: 57°C
[2026-08-10 04:00:34]    📊 Progress: 30/198 | Completed: 30 | Failed: 0 | Rate: 3.0 runs/min | ETA: 57 min
[2026-08-10 04:00:34] Run 67/234 | pos hi→mai | few-shot_25 | xlm-roberta-base | GPU: 57°C
[2026-08-10 04:00:53] Run 68/234 | pos hi→mai | few-shot_50 | xlm-roberta-base | GPU: 57°C
[2026-08-10 04:01:14] Run 69/234 | pos hi→mai | few-shot_100 | xlm-roberta-base | GPU: 58°C
[2026-08-10 04:01:37] Run 70/234 | pos hi→mai | lora_25 | xlm-roberta-base | GPU: 59°C
[2026-08-10 04:01:57] Run 71/234 | pos hi→mai | lora_50 | xlm-roberta-base | GPU: 57°C
[2026-08-10 04:02:18] Run 72/234 | pos hi→mai | lora_100 | xlm-roberta-base | GPU: 57°C
[2026-08-10 04:02:40] Run 73/234 | pos hi→mai | adapter_25 | xlm-roberta-base | GPU: 55°C
[2026-08-10 04:03:02] Run 74/234 | pos hi→mai | adapter_50 | xlm-roberta-base | GPU: 56°C
[2026-08-10 04:03:23] Run 75/234 | pos hi→mai | adapter_100 | xlm-roberta-base | GPU: 57°C
[2026-08-10 04:03:44] Run 76/234 | pos multi→mai | zero-shot | xlm-roberta-base | GPU: 57°C
[2026-08-10 04:04:00]    📊 Progress: 40/198 | Completed: 40 | Failed: 0 | Rate: 2.9 runs/min | ETA: 54 min
[2026-08-10 04:04:00] Run 77/234 | sentiment hi→bho | few-shot_25 | xlm-roberta-base | GPU: 57°C
[2026-08-10 04:04:19] Run 78/234 | sentiment hi→bho | few-shot_50 | xlm-roberta-base | GPU: 57°C
[2026-08-10 04:04:40] Run 79/234 | sentiment hi→bho | few-shot_100 | xlm-roberta-base | GPU: 58°C
[2026-08-10 04:05:04] Run 80/234 | sentiment hi→bho | lora_25 | xlm-roberta-base | GPU: 59°C
[2026-08-10 04:05:23] Run 81/234 | sentiment hi→bho | lora_50 | xlm-roberta-base | GPU: 58°C
[2026-08-10 04:05:44] Run 82/234 | sentiment hi→bho | lora_100 | xlm-roberta-base | GPU: 56°C
[2026-08-10 04:06:07] Run 83/234 | sentiment hi→bho | adapter_25 | xlm-roberta-base | GPU: 56°C
[2026-08-10 04:06:26] Run 84/234 | sentiment hi→bho | adapter_50 | xlm-roberta-base | GPU: 54°C
[2026-08-10 04:06:47] Run 85/234 | sentiment hi→bho | adapter_100 | xlm-roberta-base | GPU: 54°C
[2026-08-10 04:07:09] Run 86/234 | sentiment multi→bho | zero-shot | xlm-roberta-base | GPU: 56°C
[2026-08-10 04:07:26]    📊 Progress: 50/198 | Completed: 50 | Failed: 0 | Rate: 2.9 runs/min | ETA: 50 min
[2026-08-10 04:07:26] 
[2026-08-10 04:07:26] ============================================================
[2026-08-10 04:07:26] ⏸️  COOLING BREAK — Batch 1/4 complete
[2026-08-10 04:07:26]    GPU Temperature: 56°C
[2026-08-10 04:07:26]    Waiting 10 minutes for GPU to cool down...
[2026-08-10 04:07:26]    Resume at: 04:17:26
[2026-08-10 04:07:26] ============================================================
[2026-08-10 04:17:29] ▶️  RESUMING — GPU cooled from 56°C → 39°C
[2026-08-10 04:17:29] 
[2026-08-10 04:17:29] Run 87/234 | sentiment hi→mai | few-shot_25 | xlm-roberta-base | GPU: 39°C
[2026-08-10 04:17:48] Run 88/234 | sentiment hi→mai | few-shot_50 | xlm-roberta-base | GPU: 47°C
[2026-08-10 04:18:08] Run 89/234 | sentiment hi→mai | few-shot_100 | xlm-roberta-base | GPU: 51°C
[2026-08-10 04:18:31] Run 90/234 | sentiment hi→mai | lora_25 | xlm-roberta-base | GPU: 54°C
[2026-08-10 04:18:50] Run 91/234 | sentiment hi→mai | lora_50 | xlm-roberta-base | GPU: 54°C
[2026-08-10 04:19:11] Run 92/234 | sentiment hi→mai | lora_100 | xlm-roberta-base | GPU: 54°C
[2026-08-10 04:19:32] Run 93/234 | sentiment hi→mai | adapter_25 | xlm-roberta-base | GPU: 57°C
[2026-08-10 04:19:51] Run 94/234 | sentiment hi→mai | adapter_50 | xlm-roberta-base | GPU: 57°C
[2026-08-10 04:20:12] Run 95/234 | sentiment hi→mai | adapter_100 | xlm-roberta-base | GPU: 59°C
[2026-08-10 04:20:34] Run 96/234 | sentiment multi→mai | zero-shot | xlm-roberta-base | GPU: 60°C
[2026-08-10 04:20:50]    📊 Progress: 60/198 | Completed: 60 | Failed: 0 | Rate: 2.0 runs/min | ETA: 70 min
[2026-08-10 04:20:50] Run 97/234 | ner hi→bho | few-shot_25 | muril-base-cased | GPU: 60°C
[2026-08-10 04:21:08] Run 98/234 | ner hi→bho | few-shot_50 | muril-base-cased | GPU: 62°C
[2026-08-10 04:21:25] Run 99/234 | ner hi→bho | few-shot_100 | muril-base-cased | GPU: 63°C
[2026-08-10 04:21:46] Run 100/234 | ner hi→bho | lora_25 | muril-base-cased | GPU: 65°C
[2026-08-10 04:22:03] Run 101/234 | ner hi→bho | lora_50 | muril-base-cased | GPU: 62°C
[2026-08-10 04:22:21] Run 102/234 | ner hi→bho | lora_100 | muril-base-cased | GPU: 62°C
[2026-08-10 04:22:41] Run 103/234 | ner hi→bho | adapter_25 | muril-base-cased | GPU: 63°C
[2026-08-10 04:22:58] Run 104/234 | ner hi→bho | adapter_50 | muril-base-cased | GPU: 62°C
[2026-08-10 04:23:16] Run 105/234 | ner hi→bho | adapter_100 | muril-base-cased | GPU: 62°C
[2026-08-10 04:23:35] Run 106/234 | ner multi→bho | zero-shot | muril-base-cased | GPU: 65°C
[2026-08-10 04:23:49]    📊 Progress: 70/198 | Completed: 70 | Failed: 0 | Rate: 2.1 runs/min | ETA: 61 min
[2026-08-10 04:23:49] Run 107/234 | ner hi→mai | few-shot_25 | muril-base-cased | GPU: 65°C
[2026-08-10 04:24:05] Run 108/234 | ner hi→mai | few-shot_50 | muril-base-cased | GPU: 66°C
[2026-08-10 04:24:23] Run 109/234 | ner hi→mai | few-shot_100 | muril-base-cased | GPU: 67°C
[2026-08-10 04:24:43] Run 110/234 | ner hi→mai | lora_25 | muril-base-cased | GPU: 69°C
[2026-08-10 04:25:01] Run 111/234 | ner hi→mai | lora_50 | muril-base-cased | GPU: 65°C
[2026-08-10 04:25:18] Run 112/234 | ner hi→mai | lora_100 | muril-base-cased | GPU: 63°C
[2026-08-10 04:25:38] Run 113/234 | ner hi→mai | adapter_25 | muril-base-cased | GPU: 61°C
[2026-08-10 04:25:54] Run 114/234 | ner hi→mai | adapter_50 | muril-base-cased | GPU: 59°C
[2026-08-10 04:26:12] Run 115/234 | ner hi→mai | adapter_100 | muril-base-cased | GPU: 58°C
[2026-08-10 04:26:32] Run 116/234 | ner multi→mai | zero-shot | muril-base-cased | GPU: 58°C
[2026-08-10 04:26:46]    📊 Progress: 80/198 | Completed: 80 | Failed: 0 | Rate: 2.2 runs/min | ETA: 54 min
[2026-08-10 04:26:46] Run 117/234 | pos hi→bho | few-shot_25 | muril-base-cased | GPU: 58°C
[2026-08-10 04:27:02] Run 118/234 | pos hi→bho | few-shot_50 | muril-base-cased | GPU: 59°C
[2026-08-10 04:27:20] Run 119/234 | pos hi→bho | few-shot_100 | muril-base-cased | GPU: 60°C
[2026-08-10 04:27:40] Run 120/234 | pos hi→bho | lora_25 | muril-base-cased | GPU: 61°C
[2026-08-10 04:27:58] Run 121/234 | pos hi→bho | lora_50 | muril-base-cased | GPU: 58°C
[2026-08-10 04:28:15] Run 122/234 | pos hi→bho | lora_100 | muril-base-cased | GPU: 58°C
[2026-08-10 04:28:33] Run 123/234 | pos hi→bho | adapter_25 | muril-base-cased | GPU: 59°C
[2026-08-10 04:28:49] Run 124/234 | pos hi→bho | adapter_50 | muril-base-cased | GPU: 59°C
[2026-08-10 04:29:07] Run 125/234 | pos hi→bho | adapter_100 | muril-base-cased | GPU: 57°C
[2026-08-10 04:29:26] Run 126/234 | pos multi→bho | zero-shot | muril-base-cased | GPU: 57°C
[2026-08-10 04:29:40]    📊 Progress: 90/198 | Completed: 90 | Failed: 0 | Rate: 2.3 runs/min | ETA: 47 min
[2026-08-10 04:29:40] Run 127/234 | pos hi→mai | few-shot_25 | muril-base-cased | GPU: 58°C
[2026-08-10 04:29:56] Run 128/234 | pos hi→mai | few-shot_50 | muril-base-cased | GPU: 59°C
[2026-08-10 04:30:14] Run 129/234 | pos hi→mai | few-shot_100 | muril-base-cased | GPU: 59°C
[2026-08-10 04:30:34] Run 130/234 | pos hi→mai | lora_25 | muril-base-cased | GPU: 60°C
[2026-08-10 04:30:50] Run 131/234 | pos hi→mai | lora_50 | muril-base-cased | GPU: 57°C
[2026-08-10 04:31:08] Run 132/234 | pos hi→mai | lora_100 | muril-base-cased | GPU: 57°C
[2026-08-10 04:31:28] Run 133/234 | pos hi→mai | adapter_25 | muril-base-cased | GPU: 57°C
[2026-08-10 04:31:44] Run 134/234 | pos hi→mai | adapter_50 | muril-base-cased | GPU: 57°C
[2026-08-10 04:32:01] Run 135/234 | pos hi→mai | adapter_100 | muril-base-cased | GPU: 57°C
[2026-08-10 04:32:21] Run 136/234 | pos multi→mai | zero-shot | muril-base-cased | GPU: 58°C
[2026-08-10 04:32:34]    📊 Progress: 100/198 | Completed: 100 | Failed: 0 | Rate: 2.4 runs/min | ETA: 41 min
[2026-08-10 04:32:34] 
[2026-08-10 04:32:34] ============================================================
[2026-08-10 04:32:34] ⏸️  COOLING BREAK — Batch 2/4 complete
[2026-08-10 04:32:34]    GPU Temperature: 58°C
[2026-08-10 04:32:34]    Waiting 10 minutes for GPU to cool down...
[2026-08-10 04:32:34]    Resume at: 04:42:34
[2026-08-10 04:32:34] ============================================================
[2026-08-10 04:42:37] ▶️  RESUMING — GPU cooled from 58°C → 40°C
[2026-08-10 04:42:37] 
[2026-08-10 04:42:37] Run 137/234 | sentiment hi→bho | few-shot_25 | muril-base-cased | GPU: 40°C
[2026-08-10 04:42:54] Run 138/234 | sentiment hi→bho | few-shot_50 | muril-base-cased | GPU: 47°C
[2026-08-10 04:43:11] Run 139/234 | sentiment hi→bho | few-shot_100 | muril-base-cased | GPU: 49°C
[2026-08-10 04:43:31] Run 140/234 | sentiment hi→bho | lora_25 | muril-base-cased | GPU: 54°C
[2026-08-10 04:43:48] Run 141/234 | sentiment hi→bho | lora_50 | muril-base-cased | GPU: 54°C
[2026-08-10 04:44:04] Run 142/234 | sentiment hi→bho | lora_100 | muril-base-cased | GPU: 56°C
[2026-08-10 04:44:22] Run 143/234 | sentiment hi→bho | adapter_25 | muril-base-cased | GPU: 57°C
[2026-08-10 04:44:39] Run 144/234 | sentiment hi→bho | adapter_50 | muril-base-cased | GPU: 56°C
[2026-08-10 04:44:56] Run 145/234 | sentiment hi→bho | adapter_100 | muril-base-cased | GPU: 58°C
[2026-08-10 04:45:15] Run 146/234 | sentiment multi→bho | zero-shot | muril-base-cased | GPU: 59°C
[2026-08-10 04:45:29]    📊 Progress: 110/198 | Completed: 110 | Failed: 0 | Rate: 2.0 runs/min | ETA: 44 min
[2026-08-10 04:45:29] Run 147/234 | sentiment hi→mai | few-shot_25 | muril-base-cased | GPU: 60°C
[2026-08-10 04:45:46] Run 148/234 | sentiment hi→mai | few-shot_50 | muril-base-cased | GPU: 61°C
[2026-08-10 04:46:03] Run 149/234 | sentiment hi→mai | few-shot_100 | muril-base-cased | GPU: 62°C
[2026-08-10 04:46:23] Run 150/234 | sentiment hi→mai | lora_25 | muril-base-cased | GPU: 64°C
[2026-08-10 04:46:39] Run 151/234 | sentiment hi→mai | lora_50 | muril-base-cased | GPU: 62°C
[2026-08-10 04:46:57] Run 152/234 | sentiment hi→mai | lora_100 | muril-base-cased | GPU: 61°C
[2026-08-10 04:47:17] Run 153/234 | sentiment hi→mai | adapter_25 | muril-base-cased | GPU: 62°C
[2026-08-10 04:47:34] Run 154/234 | sentiment hi→mai | adapter_50 | muril-base-cased | GPU: 62°C
[2026-08-10 04:47:52] Run 155/234 | sentiment hi→mai | adapter_100 | muril-base-cased | GPU: 62°C
[2026-08-10 04:48:12] Run 156/234 | sentiment multi→mai | zero-shot | muril-base-cased | GPU: 65°C
[2026-08-10 04:48:26]    📊 Progress: 120/198 | Completed: 120 | Failed: 0 | Rate: 2.1 runs/min | ETA: 38 min
[2026-08-10 04:48:26] Run 157/234 | ner hi→bho | zero-shot | indic-bert | GPU: 65°C
[2026-08-10 04:48:35]   ❌ FAILED: oken_bpe_file}") from e
ValueError: Error parsing line b'\x0e' in C:\Users\Vaibhav\.cache\huggingface\hub\models--ai4bharat--indic-bert\snapshots\4842dd258ecc0546f0d660b76a3b22a9c632f401\spiece.model

[2026-08-10 04:48:35] Run 158/234 | ner bn→bho | zero-shot | indic-bert | GPU: 61°C
[2026-08-10 04:48:44]   ❌ FAILED: oken_bpe_file}") from e
ValueError: Error parsing line b'\x0e' in C:\Users\Vaibhav\.cache\huggingface\hub\models--ai4bharat--indic-bert\snapshots\4842dd258ecc0546f0d660b76a3b22a9c632f401\spiece.model

[2026-08-10 04:48:44] Run 159/234 | ner mr→bho | zero-shot | indic-bert | GPU: 60°C
[2026-08-10 04:48:53]   ❌ FAILED: oken_bpe_file}") from e
ValueError: Error parsing line b'\x0e' in C:\Users\Vaibhav\.cache\huggingface\hub\models--ai4bharat--indic-bert\snapshots\4842dd258ecc0546f0d660b76a3b22a9c632f401\spiece.model

[2026-08-10 04:48:53] Run 160/234 | ner hi→bho | few-shot_25 | indic-bert | GPU: 60°C
[2026-08-10 04:49:02]   ❌ FAILED: oken_bpe_file}") from e
ValueError: Error parsing line b'\x0e' in C:\Users\Vaibhav\.cache\huggingface\hub\models--ai4bharat--indic-bert\snapshots\4842dd258ecc0546f0d660b76a3b22a9c632f401\spiece.model

[2026-08-10 04:49:02] Run 161/234 | ner hi→bho | few-shot_50 | indic-bert | GPU: 59°C
[2026-08-10 04:49:11]   ❌ FAILED: oken_bpe_file}") from e
ValueError: Error parsing line b'\x0e' in C:\Users\Vaibhav\.cache\huggingface\hub\models--ai4bharat--indic-bert\snapshots\4842dd258ecc0546f0d660b76a3b22a9c632f401\spiece.model

[2026-08-10 04:49:11] Run 162/234 | ner hi→bho | few-shot_100 | indic-bert | GPU: 59°C
[2026-08-10 04:49:20]   ❌ FAILED: oken_bpe_file}") from e
ValueError: Error parsing line b'\x0e' in C:\Users\Vaibhav\.cache\huggingface\hub\models--ai4bharat--indic-bert\snapshots\4842dd258ecc0546f0d660b76a3b22a9c632f401\spiece.model

[2026-08-10 04:49:20] Run 163/234 | ner hi→bho | lora_25 | indic-bert | GPU: 59°C
[2026-08-10 04:49:29]   ❌ FAILED: oken_bpe_file}") from e
ValueError: Error parsing line b'\x0e' in C:\Users\Vaibhav\.cache\huggingface\hub\models--ai4bharat--indic-bert\snapshots\4842dd258ecc0546f0d660b76a3b22a9c632f401\spiece.model

[2026-08-10 04:49:29] Run 164/234 | ner hi→bho | lora_50 | indic-bert | GPU: 59°C
[2026-08-10 04:49:38]   ❌ FAILED: oken_bpe_file}") from e
ValueError: Error parsing line b'\x0e' in C:\Users\Vaibhav\.cache\huggingface\hub\models--ai4bharat--indic-bert\snapshots\4842dd258ecc0546f0d660b76a3b22a9c632f401\spiece.model

[2026-08-10 04:49:38] Run 165/234 | ner hi→bho | lora_100 | indic-bert | GPU: 58°C
[2026-08-10 04:49:47]   ❌ FAILED: oken_bpe_file}") from e
ValueError: Error parsing line b'\x0e' in C:\Users\Vaibhav\.cache\huggingface\hub\models--ai4bharat--indic-bert\snapshots\4842dd258ecc0546f0d660b76a3b22a9c632f401\spiece.model

[2026-08-10 04:49:47] Run 166/234 | ner hi→bho | adapter_25 | indic-bert | GPU: 58°C
[2026-08-10 04:49:57]   ❌ FAILED: oken_bpe_file}") from e
ValueError: Error parsing line b'\x0e' in C:\Users\Vaibhav\.cache\huggingface\hub\models--ai4bharat--indic-bert\snapshots\4842dd258ecc0546f0d660b76a3b22a9c632f401\spiece.model

[2026-08-10 04:49:57]    📊 Progress: 130/198 | Completed: 120 | Failed: 10 | Rate: 2.2 runs/min | ETA: 31 min
[2026-08-10 04:49:57] Run 167/234 | ner hi→bho | adapter_50 | indic-bert | GPU: 58°C
[2026-08-10 04:50:06]   ❌ FAILED: oken_bpe_file}") from e
ValueError: Error parsing line b'\x0e' in C:\Users\Vaibhav\.cache\huggingface\hub\models--ai4bharat--indic-bert\snapshots\4842dd258ecc0546f0d660b76a3b22a9c632f401\spiece.model

[2026-08-10 04:50:06] Run 168/234 | ner hi→bho | adapter_100 | indic-bert | GPU: 58°C
[2026-08-10 04:50:15]   ❌ FAILED: oken_bpe_file}") from e
ValueError: Error parsing line b'\x0e' in C:\Users\Vaibhav\.cache\huggingface\hub\models--ai4bharat--indic-bert\snapshots\4842dd258ecc0546f0d660b76a3b22a9c632f401\spiece.model

[2026-08-10 04:50:15] Run 169/234 | ner multi→bho | zero-shot | indic-bert | GPU: 58°C
[2026-08-10 04:50:24]   ❌ FAILED: oken_bpe_file}") from e
ValueError: Error parsing line b'\x0e' in C:\Users\Vaibhav\.cache\huggingface\hub\models--ai4bharat--indic-bert\snapshots\4842dd258ecc0546f0d660b76a3b22a9c632f401\spiece.model

[2026-08-10 04:50:24] Run 170/234 | ner hi→mai | zero-shot | indic-bert | GPU: 58°C
[2026-08-10 04:50:33]   ❌ FAILED: oken_bpe_file}") from e
ValueError: Error parsing line b'\x0e' in C:\Users\Vaibhav\.cache\huggingface\hub\models--ai4bharat--indic-bert\snapshots\4842dd258ecc0546f0d660b76a3b22a9c632f401\spiece.model

[2026-08-10 04:50:33] Run 171/234 | ner bn→mai | zero-shot | indic-bert | GPU: 58°C
[2026-08-10 04:50:42]   ❌ FAILED: oken_bpe_file}") from e
ValueError: Error parsing line b'\x0e' in C:\Users\Vaibhav\.cache\huggingface\hub\models--ai4bharat--indic-bert\snapshots\4842dd258ecc0546f0d660b76a3b22a9c632f401\spiece.model

[2026-08-10 04:50:42] Run 172/234 | ner mr→mai | zero-shot | indic-bert | GPU: 57°C
[2026-08-10 04:50:51]   ❌ FAILED: oken_bpe_file}") from e
ValueError: Error parsing line b'\x0e' in C:\Users\Vaibhav\.cache\huggingface\hub\models--ai4bharat--indic-bert\snapshots\4842dd258ecc0546f0d660b76a3b22a9c632f401\spiece.model

[2026-08-10 04:50:52] Run 173/234 | ner hi→mai | few-shot_25 | indic-bert | GPU: 57°C
[2026-08-10 04:51:01]   ❌ FAILED: oken_bpe_file}") from e
ValueError: Error parsing line b'\x0e' in C:\Users\Vaibhav\.cache\huggingface\hub\models--ai4bharat--indic-bert\snapshots\4842dd258ecc0546f0d660b76a3b22a9c632f401\spiece.model

[2026-08-10 04:51:01] Run 174/234 | ner hi→mai | few-shot_50 | indic-bert | GPU: 57°C
[2026-08-10 04:51:10]   ❌ FAILED: oken_bpe_file}") from e
ValueError: Error parsing line b'\x0e' in C:\Users\Vaibhav\.cache\huggingface\hub\models--ai4bharat--indic-bert\snapshots\4842dd258ecc0546f0d660b76a3b22a9c632f401\spiece.model

[2026-08-10 04:51:10] Run 175/234 | ner hi→mai | few-shot_100 | indic-bert | GPU: 57°C
[2026-08-10 04:51:19]   ❌ FAILED: oken_bpe_file}") from e
ValueError: Error parsing line b'\x0e' in C:\Users\Vaibhav\.cache\huggingface\hub\models--ai4bharat--indic-bert\snapshots\4842dd258ecc0546f0d660b76a3b22a9c632f401\spiece.model

[2026-08-10 04:51:19] Run 176/234 | ner hi→mai | lora_25 | indic-bert | GPU: 57°C
[2026-08-10 04:51:29]   ❌ FAILED: oken_bpe_file}") from e
ValueError: Error parsing line b'\x0e' in C:\Users\Vaibhav\.cache\huggingface\hub\models--ai4bharat--indic-bert\snapshots\4842dd258ecc0546f0d660b76a3b22a9c632f401\spiece.model

[2026-08-10 04:51:29]    📊 Progress: 140/198 | Completed: 120 | Failed: 20 | Rate: 2.3 runs/min | ETA: 25 min
[2026-08-10 04:51:29] Run 177/234 | ner hi→mai | lora_50 | indic-bert | GPU: 58°C
[2026-08-10 04:51:39]   ❌ FAILED: oken_bpe_file}") from e
ValueError: Error parsing line b'\x0e' in C:\Users\Vaibhav\.cache\huggingface\hub\models--ai4bharat--indic-bert\snapshots\4842dd258ecc0546f0d660b76a3b22a9c632f401\spiece.model

[2026-08-10 04:51:39] Run 178/234 | ner hi→mai | lora_100 | indic-bert | GPU: 59°C
[2026-08-10 04:51:49]   ❌ FAILED: oken_bpe_file}") from e
ValueError: Error parsing line b'\x0e' in C:\Users\Vaibhav\.cache\huggingface\hub\models--ai4bharat--indic-bert\snapshots\4842dd258ecc0546f0d660b76a3b22a9c632f401\spiece.model

[2026-08-10 04:51:49] Run 179/234 | ner hi→mai | adapter_25 | indic-bert | GPU: 59°C
[2026-08-10 04:51:59]   ❌ FAILED: oken_bpe_file}") from e
ValueError: Error parsing line b'\x0e' in C:\Users\Vaibhav\.cache\huggingface\hub\models--ai4bharat--indic-bert\snapshots\4842dd258ecc0546f0d660b76a3b22a9c632f401\spiece.model

[2026-08-10 04:51:59] Run 180/234 | ner hi→mai | adapter_50 | indic-bert | GPU: 59°C
[2026-08-10 04:52:04]   ❌ FAILED: oken_bpe_file}") from e
ValueError: Error parsing line b'\x0e' in C:\Users\Vaibhav\.cache\huggingface\hub\models--ai4bharat--indic-bert\snapshots\4842dd258ecc0546f0d660b76a3b22a9c632f401\spiece.model

[2026-08-10 04:52:04] Run 181/234 | ner hi→mai | adapter_100 | indic-bert | GPU: 60°C
[2026-08-10 04:52:14]   ❌ FAILED: oken_bpe_file}") from e
ValueError: Error parsing line b'\x0e' in C:\Users\Vaibhav\.cache\huggingface\hub\models--ai4bharat--indic-bert\snapshots\4842dd258ecc0546f0d660b76a3b22a9c632f401\spiece.model

[2026-08-10 04:52:14] Run 182/234 | ner multi→mai | zero-shot | indic-bert | GPU: 60°C
[2026-08-10 04:52:24]   ❌ FAILED: oken_bpe_file}") from e
ValueError: Error parsing line b'\x0e' in C:\Users\Vaibhav\.cache\huggingface\hub\models--ai4bharat--indic-bert\snapshots\4842dd258ecc0546f0d660b76a3b22a9c632f401\spiece.model

[2026-08-10 04:52:24] Run 183/234 | pos hi→bho | zero-shot | indic-bert | GPU: 60°C
[2026-08-10 04:52:34]   ❌ FAILED: oken_bpe_file}") from e
ValueError: Error parsing line b'\x0e' in C:\Users\Vaibhav\.cache\huggingface\hub\models--ai4bharat--indic-bert\snapshots\4842dd258ecc0546f0d660b76a3b22a9c632f401\spiece.model

[2026-08-10 04:52:34] Run 184/234 | pos bn→bho | zero-shot | indic-bert | GPU: 61°C
[2026-08-10 04:52:43]   ❌ FAILED: oken_bpe_file}") from e
ValueError: Error parsing line b'\x0e' in C:\Users\Vaibhav\.cache\huggingface\hub\models--ai4bharat--indic-bert\snapshots\4842dd258ecc0546f0d660b76a3b22a9c632f401\spiece.model

[2026-08-10 04:52:43] Run 185/234 | pos mr→bho | zero-shot | indic-bert | GPU: 60°C
[2026-08-10 04:52:52]   ❌ FAILED: oken_bpe_file}") from e
ValueError: Error parsing line b'\x0e' in C:\Users\Vaibhav\.cache\huggingface\hub\models--ai4bharat--indic-bert\snapshots\4842dd258ecc0546f0d660b76a3b22a9c632f401\spiece.model

[2026-08-10 04:52:52] Run 186/234 | pos hi→bho | few-shot_25 | indic-bert | GPU: 60°C
[2026-08-10 04:53:01]   ❌ FAILED: oken_bpe_file}") from e
ValueError: Error parsing line b'\x0e' in C:\Users\Vaibhav\.cache\huggingface\hub\models--ai4bharat--indic-bert\snapshots\4842dd258ecc0546f0d660b76a3b22a9c632f401\spiece.model

[2026-08-10 04:53:01]    📊 Progress: 150/198 | Completed: 120 | Failed: 30 | Rate: 2.4 runs/min | ETA: 20 min
[2026-08-10 04:53:01] 
[2026-08-10 04:53:01] ============================================================
[2026-08-10 04:53:01] ⏸️  COOLING BREAK — Batch 3/4 complete
[2026-08-10 04:53:01]    GPU Temperature: 61°C
[2026-08-10 04:53:01]    Waiting 10 minutes for GPU to cool down...
[2026-08-10 04:53:01]    Resume at: 05:03:01
[2026-08-10 04:53:01] ============================================================
