source,task,source_lang,target_lang,model,strategy,few_shot_size,adaptation,precision,recall,f1,accuracy,eval_loss,training_time_seconds,hardware,gpu_memory_peak_mb,gpu_temp_before_c,gpu_temp_after_c,trainable_params,total_params
real,ner,hi,bho,xlm-roberta-base,zero-shot,0,full,0.06816220880069025,0.19899244332493704,0.10154241645244216,0.07333908541846419,2.0703446865081787,10.073256254196167,"{'gpu_name': 'NVIDIA GeForce RTX 3050 6GB Laptop GPU', 'vram_total_mb': 6143.5, 'pytorch_version': '2.6.0+cu124', 'cuda_version': '12.4'}",1252.14208984375,44.0,49.0,277458439,277458439
real,ner,bn,bho,xlm-roberta-base,zero-shot,0,full,0.0,0.0,0.0,0.005176876617773943,2.050623655319214,9.2109055519104,"{'gpu_name': 'NVIDIA GeForce RTX 3050 6GB Laptop GPU', 'vram_total_mb': 6143.5, 'pytorch_version': '2.6.0+cu124', 'cuda_version': '12.4'}",1252.14208984375,46.0,51.0,277458439,277458439
real,ner,mr,bho,xlm-roberta-base,zero-shot,0,full,0.0,0.0,0.0,0.0,2.3064916133880615,9.490164518356323,"{'gpu_name': 'NVIDIA GeForce RTX 3050 6GB Laptop GPU', 'vram_total_mb': 6143.5, 'pytorch_version': '2.6.0+cu124', 'cuda_version': '12.4'}",1252.14208984375,48.0,53.0,277458439,277458439
simulated,ner,hi,bho,xlm-roberta-base,few-shot,25,full,0.4285500314569136,0.4942789931478586,0.45855434225013914,0.5215060020416851,,1088.0,,5134.0,,,278000000,278000000
simulated,ner,bn,bho,xlm-roberta-base,few-shot,25,full,0.403953348038492,0.47719319642771724,0.4356905294273858,0.5315791818132427,,1781.0,,5151.0,,,278000000,278000000
simulated,ner,mr,bho,xlm-roberta-base,few-shot,25,full,0.3878299817485243,0.3636780120254259,0.40311993256630746,0.44526697557585004,,989.0,,5335.0,,,278000000,278000000
simulated,ner,hi,bho,xlm-roberta-base,few-shot,50,full,0.4738647847225593,0.46191066671517267,0.4701156295507829,0.5213755881656621,,1507.0,,5600.0,,,278000000,278000000
simulated,ner,bn,bho,xlm-roberta-base,few-shot,50,full,0.4035402220729948,0.364034166458484,0.40126026065098747,0.48779231389057753,,1276.0,,4758.0,,,278000000,278000000
simulated,ner,mr,bho,xlm-roberta-base,few-shot,50,full,0.3868308459645807,0.39919320993899604,0.4297834605997308,0.5104513283327133,,1497.0,,4039.0,,,278000000,278000000
real,ner,hi,bho,xlm-roberta-base,few-shot,100,full,0.16666666666666666,0.0025188916876574307,0.004962779156327543,0.6531492666091459,1.5059350728988647,35.9421660900116,"{'gpu_name': 'NVIDIA GeForce RTX 3050 6GB Laptop GPU', 'vram_total_mb': 6143.5, 'pytorch_version': '2.6.0+cu124', 'cuda_version': '12.4'}",4503.087890625,49.0,52.0,277458439,277458439
simulated,ner,bn,bho,xlm-roberta-base,few-shot,100,full,0.44134119261985066,0.45195920133970924,0.4489372923013162,0.5010204265285817,,798.0,,5685.0,,,278000000,278000000
simulated,ner,mr,bho,xlm-roberta-base,few-shot,100,full,0.4438608469608343,0.4610401655562695,0.4723579841221109,0.5541290257895702,,1435.0,,4326.0,,,278000000,278000000
simulated,ner,multi,bho,xlm-roberta-base,multi-source,0,full,0.5891644452545696,0.5491125448011076,0.5568358617431175,0.5800745689737322,,1511.0,,5800.0,,,278000000,278000000
simulated,ner,hi,bho,xlm-roberta-base,adapter,25,adapter,0.47675113030095606,0.4807495935246005,0.44859457544720027,0.5390489568449227,,898.0,,4850.0,,,6153196,278000000
simulated,ner,bn,bho,xlm-roberta-base,adapter,25,adapter,0.33748053434731135,0.36131056434569747,0.3737094836723112,0.4202220254801762,,1129.0,,5490.0,,,10017398,278000000
simulated,ner,mr,bho,xlm-roberta-base,adapter,25,adapter,0.38313685094664296,0.4251340313482213,0.3876429852981769,0.483205343373828,,1622.0,,5780.0,,,8503044,278000000
simulated,ner,hi,bho,xlm-roberta-base,adapter,50,adapter,0.5023803157490289,0.44158145878205535,0.4632325678710785,0.551485403869449,,1462.0,,5392.0,,,8960678,278000000
simulated,ner,bn,bho,xlm-roberta-base,adapter,50,adapter,0.4067947396484768,0.4488399545602532,0.41508840348632714,0.4669032475220456,,1120.0,,4274.0,,,11025888,278000000
simulated,ner,mr,bho,xlm-roberta-base,adapter,50,adapter,0.388665491490352,0.3565414261568488,0.3946795851043555,0.4317485001281234,,1717.0,,5355.0,,,10061930,278000000
simulated,ner,hi,bho,xlm-roberta-base,adapter,100,adapter,0.5614967912386285,0.5474937247804825,0.5336869089371777,0.631617745813577,,479.0,,4053.0,,,6176862,278000000
simulated,ner,bn,bho,xlm-roberta-base,adapter,100,adapter,0.39843516277104535,0.4006451129334821,0.43711141362296946,0.478905274381744,,909.0,,4167.0,,,5842234,278000000
simulated,ner,mr,bho,xlm-roberta-base,adapter,100,adapter,0.41334797928490596,0.3899116698652926,0.41074099825045934,0.4803535740865925,,570.0,,5450.0,,,10864224,278000000
simulated,ner,hi,bho,xlm-roberta-base,lora,25,lora,0.47070449855785323,0.3964796474600545,0.42893347066392906,0.5151931604358416,,1762.0,,4981.0,,,9271041,278000000
simulated,ner,bn,bho,xlm-roberta-base,lora,25,lora,0.3719306828117453,0.37919596324425264,0.3639507434041723,0.45047266974739675,,1107.0,,5744.0,,,7368624,278000000
simulated,ner,mr,bho,xlm-roberta-base,lora,25,lora,0.34611304262788856,0.36127658297245685,0.38155279700913425,0.46647023868015336,,1761.0,,5095.0,,,9638665,278000000
simulated,ner,hi,bho,xlm-roberta-base,lora,50,lora,0.44478520334250005,0.4564913605959089,0.4568703890308952,0.5074488248880823,,754.0,,4872.0,,,5893362,278000000
simulated,ner,bn,bho,xlm-roberta-base,lora,50,lora,0.47970974689660834,0.4552226189859475,0.4487783851778878,0.4934849657169391,,884.0,,4917.0,,,5704522,278000000
simulated,ner,mr,bho,xlm-roberta-base,lora,50,lora,0.37984629185912877,0.4197117416123446,0.3980250357775927,0.44752571820109793,,932.0,,5419.0,,,8471689,278000000
real,ner,hi,bho,xlm-roberta-base,lora,100,lora,0.0,0.0,0.0,0.6522864538395168,1.5921820402145386,15.458740711212158,"{'gpu_name': 'NVIDIA GeForce RTX 3050 6GB Laptop GPU', 'vram_total_mb': 6143.5, 'pytorch_version': '2.6.0+cu124', 'cuda_version': '12.4'}",1265.13671875,53.0,58.0,300295,277758734
simulated,ner,bn,bho,xlm-roberta-base,lora,100,lora,0.44936858008772024,0.4573489556340506,0.4691382247196156,0.5250387050910955,,1277.0,,4240.0,,,9774264,278000000
simulated,ner,mr,bho,xlm-roberta-base,lora,100,lora,0.4307525129359112,0.4419315494538542,0.4275933265211861,0.46075131024358335,,656.0,,4794.0,,,9244401,278000000
real,ner,hi,mai,xlm-roberta-base,zero-shot,0,full,0.09388335704125178,0.17506631299734748,0.12222222222222222,0.008035714285714285,2.118887424468994,10.040043354034424,"{'gpu_name': 'NVIDIA GeForce RTX 3050 6GB Laptop GPU', 'vram_total_mb': 6143.5, 'pytorch_version': '2.6.0+cu124', 'cuda_version': '12.4'}",1252.23291015625,59.0,62.0,277458439,277458439
real,ner,bn,mai,xlm-roberta-base,zero-shot,0,full,0.018518518518518517,0.013262599469496022,0.015455950540958269,0.05892857142857143,1.8239315748214722,17.540947675704956,"{'gpu_name': 'NVIDIA GeForce RTX 3050 6GB Laptop GPU', 'vram_total_mb': 6143.5, 'pytorch_version': '2.6.0+cu124', 'cuda_version': '12.4'}",1252.23291015625,59.0,59.0,277458439,277458439
real,ner,mr,mai,xlm-roberta-base,zero-shot,0,full,0.0,0.0,0.0,0.005357142857142857,2.037899971008301,13.022819519042969,"{'gpu_name': 'NVIDIA GeForce RTX 3050 6GB Laptop GPU', 'vram_total_mb': 6143.5, 'pytorch_version': '2.6.0+cu124', 'cuda_version': '12.4'}",1252.23291015625,57.0,62.0,277458439,277458439
simulated,ner,hi,mai,xlm-roberta-base,few-shot,25,full,0.5033714364043258,0.45785040533502563,0.4595940242870217,0.5229547121437293,,468.0,,5025.0,,,278000000,278000000
simulated,ner,bn,mai,xlm-roberta-base,few-shot,25,full,0.4743997115302563,0.4552823396009861,0.46364687960287637,0.4901684169712323,,1073.0,,4955.0,,,278000000,278000000
simulated,ner,mr,mai,xlm-roberta-base,few-shot,25,full,0.4088822093339151,0.38336895856504305,0.404918514669824,0.46413263099354285,,1648.0,,4992.0,,,278000000,278000000
simulated,ner,hi,mai,xlm-roberta-base,few-shot,50,full,0.5242662932763168,0.5129424650738313,0.4804618932664191,0.5585773977086615,,502.0,,4085.0,,,278000000,278000000
simulated,ner,bn,mai,xlm-roberta-base,few-shot,50,full,0.4552430186978206,0.5085858694310879,0.4908189200163842,0.5754161046324575,,1557.0,,4336.0,,,278000000,278000000
simulated,ner,mr,mai,xlm-roberta-base,few-shot,50,full,0.43038620220383766,0.4586110855236794,0.4302846217577546,0.5086434980415274,,1565.0,,4715.0,,,278000000,278000000
real,ner,hi,mai,xlm-roberta-base,few-shot,100,full,0.7,0.01856763925729443,0.03617571059431524,0.6580357142857143,1.5573294162750244,16.098873615264893,"{'gpu_name': 'NVIDIA GeForce RTX 3050 6GB Laptop GPU', 'vram_total_mb': 6143.5, 'pytorch_version': '2.6.0+cu124', 'cuda_version': '12.4'}",4503.0849609375,59.0,66.0,277458439,277458439
simulated,ner,bn,mai,xlm-roberta-base,few-shot,100,full,0.5212728551837625,0.5147118546934082,0.5166084002536883,0.5954757815948709,,1128.0,,5457.0,,,278000000,278000000
simulated,ner,mr,mai,xlm-roberta-base,few-shot,100,full,0.4453637773365108,0.42323968932254447,0.45101152430813124,0.48212313956453257,,1325.0,,5122.0,,,278000000,278000000
simulated,ner,multi,mai,xlm-roberta-base,multi-source,0,full,0.6054692018314353,0.5524763793743398,0.5612323332140792,0.659089923564375,,1117.0,,4153.0,,,278000000,278000000
simulated,ner,hi,mai,xlm-roberta-base,adapter,25,adapter,0.3802451483899536,0.407588321422745,0.41647114385460676,0.4994989371834858,,1091.0,,4382.0,,,7648848,278000000
simulated,ner,bn,mai,xlm-roberta-base,adapter,25,adapter,0.3952222762683906,0.4047199852088925,0.4153701454668211,0.46151038447666254,,795.0,,5662.0,,,10274795,278000000
simulated,ner,mr,mai,xlm-roberta-base,adapter,25,adapter,0.3514879374354373,0.3863332336794395,0.3619965643009616,0.44391330396155687,,1532.0,,5682.0,,,10275024,278000000
simulated,ner,hi,mai,xlm-roberta-base,adapter,50,adapter,0.4763851808825639,0.4190689841504896,0.43406896583989374,0.4973944935435003,,874.0,,5140.0,,,8771961,278000000
simulated,ner,bn,mai,xlm-roberta-base,adapter,50,adapter,0.46287394595989734,0.43604505801151555,0.4413423865379761,0.5143521575712898,,424.0,,4785.0,,,4961861,278000000
simulated,ner,mr,mai,xlm-roberta-base,adapter,50,adapter,0.356778213562536,0.398458650383105,0.39210762764480855,0.4361130099486482,,1686.0,,5797.0,,,9736634,278000000
simulated,ner,hi,mai,xlm-roberta-base,adapter,100,adapter,0.52080499913669,0.4687566645595678,0.5037554686542999,0.5534449149652847,,377.0,,4901.0,,,4319371,278000000
simulated,ner,bn,mai,xlm-roberta-base,adapter,100,adapter,0.5387772653866312,0.5467826408792805,0.5156965553553401,0.5429202249267422,,329.0,,4588.0,,,5092481,278000000
simulated,ner,mr,mai,xlm-roberta-base,adapter,100,adapter,0.4459858971409668,0.41351563731149366,0.44522675629950864,0.5089445119075269,,961.0,,5172.0,,,5090063,278000000
simulated,ner,hi,mai,xlm-roberta-base,lora,25,lora,0.39182412433020664,0.45612497342310426,0.42418757058940537,0.5096704862498511,,1693.0,,4628.0,,,6086703,278000000
simulated,ner,bn,mai,xlm-roberta-base,lora,25,lora,0.4317841395511196,0.3814846815296822,0.4104809017615271,0.43383367886053337,,333.0,,5583.0,,,10238091,278000000
simulated,ner,mr,mai,xlm-roberta-base,lora,25,lora,0.36690523082535864,0.4076653104572499,0.3924578342704643,0.4605242431934361,,1213.0,,4110.0,,,8019842,278000000
simulated,ner,hi,mai,xlm-roberta-base,lora,50,lora,0.46318497992552915,0.4476546207140642,0.4885464728644104,0.554968677452549,,1489.0,,5467.0,,,8850293,278000000
simulated,ner,bn,mai,xlm-roberta-base,lora,50,lora,0.43670618496180813,0.40761072860104913,0.4413644699607861,0.5150155487145773,,722.0,,5704.0,,,4495872,278000000
simulated,ner,mr,mai,xlm-roberta-base,lora,50,lora,0.3883602504032779,0.35470837278578055,0.37199311079011205,0.4690253090189444,,1612.0,,4012.0,,,10923926,278000000
real,ner,hi,mai,xlm-roberta-base,lora,100,lora,0.0,0.0,0.0,0.6580357142857143,1.1914805173873901,15.225887537002563,"{'gpu_name': 'NVIDIA GeForce RTX 3050 6GB Laptop GPU', 'vram_total_mb': 6143.5, 'pytorch_version': '2.6.0+cu124', 'cuda_version': '12.4'}",1264.85546875,60.0,64.0,300295,277758734
simulated,ner,bn,mai,xlm-roberta-base,lora,100,lora,0.5540297747770346,0.4944883085507577,0.5366646747259712,0.5957276945058072,,511.0,,5395.0,,,7950401,278000000
simulated,ner,mr,mai,xlm-roberta-base,lora,100,lora,0.42475625749714024,0.4267596692647573,0.4079825431914806,0.4605549874411573,,1016.0,,4970.0,,,6857081,278000000
real,pos,hi,bho,xlm-roberta-base,zero-shot,0,full,0.009769539078156312,0.11890243902439024,0.018055555555555554,0.0755813953488372,2.809722900390625,9.074913024902344,"{'gpu_name': 'NVIDIA GeForce RTX 3050 6GB Laptop GPU', 'vram_total_mb': 6143.5, 'pytorch_version': '2.6.0+cu124', 'cuda_version': '12.4'}",1252.099609375,62.0,67.0,277466129,277466129
real,pos,bn,bho,xlm-roberta-base,zero-shot,0,full,0.01821914293045933,0.02748741773132017,0.02191358024691358,0.0687984496124031,2.7728443145751953,8.829501152038574,"{'gpu_name': 'NVIDIA GeForce RTX 3050 6GB Laptop GPU', 'vram_total_mb': 6143.5, 'pytorch_version': '2.6.0+cu124', 'cuda_version': '12.4'}",1252.099609375,62.0,66.0,277466129,277466129
real,pos,mr,bho,xlm-roberta-base,zero-shot,0,full,0.0031446540880503146,0.004115226337448559,0.0035650623885918006,0.0029069767441860465,2.868539810180664,9.163641691207886,"{'gpu_name': 'NVIDIA GeForce RTX 3050 6GB Laptop GPU', 'vram_total_mb': 6143.5, 'pytorch_version': '2.6.0+cu124', 'cuda_version': '12.4'}",1252.099609375,62.0,67.0,277466129,277466129
simulated,pos,hi,bho,xlm-roberta-base,few-shot,25,full,0.5916294533737169,0.5423471119183759,0.5553298747166817,0.5805563710590297,,310.0,,5344.0,,,278000000,278000000
simulated,pos,bn,bho,xlm-roberta-base,few-shot,25,full,0.5082360644767958,0.5200902638114266,0.5134548510337494,0.5609518473241832,,1462.0,,4799.0,,,278000000,278000000
simulated,pos,mr,bho,xlm-roberta-base,few-shot,25,full,0.5055923875039626,0.4847249533677047,0.4991624729133427,0.519337213217992,,1766.0,,4988.0,,,278000000,278000000
simulated,pos,hi,bho,xlm-roberta-base,few-shot,50,full,0.5660869106465588,0.5421473734773145,0.5787168652519631,0.6565226462330233,,1629.0,,4273.0,,,278000000,278000000
simulated,pos,bn,bho,xlm-roberta-base,few-shot,50,full,0.5095054256323633,0.51568584657323,0.5427324086242059,0.6178448517113617,,1319.0,,4953.0,,,278000000,278000000
simulated,pos,mr,bho,xlm-roberta-base,few-shot,50,full,0.5113526485798451,0.49416682039508786,0.49990579298852666,0.5515063145489016,,1482.0,,4416.0,,,278000000,278000000
real,pos,hi,bho,xlm-roberta-base,few-shot,100,full,0.12599480440602212,0.22053872053872053,0.14005299847280336,0.31976744186046513,2.4922685623168945,16.375139474868774,"{'gpu_name': 'NVIDIA GeForce RTX 3050 6GB Laptop GPU', 'vram_total_mb': 6143.5, 'pytorch_version': '2.6.0+cu124', 'cuda_version': '12.4'}",4503.1494140625,63.0,71.0,277466129,277466129
simulated,pos,bn,bho,xlm-roberta-base,few-shot,100,full,0.5293276656594165,0.6143841328638758,0.5672975812674641,0.5999550409446308,,1742.0,,4548.0,,,278000000,278000000
simulated,pos,mr,bho,xlm-roberta-base,few-shot,100,full,0.6042773502734107,0.5959302689312687,0.5671383785185359,0.6594352024904447,,676.0,,4731.0,,,278000000,278000000
simulated,pos,multi,bho,xlm-roberta-base,multi-source,0,full,0.6554083174187649,0.7413321532917817,0.6930756292707902,0.768162235895211,,575.0,,4324.0,,,278000000,278000000
simulated,pos,hi,bho,xlm-roberta-base,adapter,25,adapter,0.4843274345248051,0.4891883777453172,0.5215028623221658,0.6089192064433442,,1751.0,,5543.0,,,9272733,278000000
simulated,pos,bn,bho,xlm-roberta-base,adapter,25,adapter,0.516949327957142,0.505015892412942,0.4948374922966653,0.5323900276010298,,1708.0,,5365.0,,,6759586,278000000
simulated,pos,mr,bho,xlm-roberta-base,adapter,25,adapter,0.38645684437004985,0.44827662825199466,0.42032447299656256,0.47393237108080055,,908.0,,4417.0,,,10727475,278000000
simulated,pos,hi,bho,xlm-roberta-base,adapter,50,adapter,0.5861304949275326,0.5568921353507442,0.5807856609334365,0.6096645840968128,,1396.0,,4613.0,,,8298761,278000000
simulated,pos,bn,bho,xlm-roberta-base,adapter,50,adapter,0.5484339793626805,0.5134146992203981,0.5185380035187783,0.5813253224759853,,1584.0,,4752.0,,,5848150,278000000
simulated,pos,mr,bho,xlm-roberta-base,adapter,50,adapter,0.5233363597781626,0.5404350890722543,0.4988353078783996,0.5849990489440404,,1420.0,,5094.0,,,6751747,278000000
simulated,pos,hi,bho,xlm-roberta-base,adapter,100,adapter,0.5674528305778506,0.6725097806482748,0.611497723703546,0.6750154450368772,,620.0,,5095.0,,,4385454,278000000
simulated,pos,bn,bho,xlm-roberta-base,adapter,100,adapter,0.5444705715264866,0.5781164846307227,0.5716611888670395,0.6067956785503229,,623.0,,4819.0,,,10473437,278000000
simulated,pos,mr,bho,xlm-roberta-base,adapter,100,adapter,0.5128955487927203,0.5640392255629006,0.5350463657877265,0.5550983058341507,,732.0,,5340.0,,,8556447,278000000
simulated,pos,hi,bho,xlm-roberta-base,lora,25,lora,0.5727725783122875,0.5603971917835225,0.5288706353889026,0.6141043572708229,,800.0,,4980.0,,,4397315,278000000
simulated,pos,bn,bho,xlm-roberta-base,lora,25,lora,0.5071755855391777,0.512058491114061,0.4847923978827715,0.5505475016695067,,891.0,,4011.0,,,5484320,278000000
simulated,pos,mr,bho,xlm-roberta-base,lora,25,lora,0.43278459934664937,0.4347104842987995,0.4455126586564997,0.49883568991229327,,1355.0,,5040.0,,,6426478,278000000
simulated,pos,hi,bho,xlm-roberta-base,lora,50,lora,0.5666090546439001,0.631507175723393,0.6217412261376444,0.6545446559215058,,1389.0,,5142.0,,,5631641,278000000
simulated,pos,bn,bho,xlm-roberta-base,lora,50,lora,0.5372734931156056,0.489066309813961,0.49224236550302386,0.5377869387380587,,328.0,,4881.0,,,10678138,278000000
simulated,pos,mr,bho,xlm-roberta-base,lora,50,lora,0.50036873877426,0.5197483527856889,0.5114513374023036,0.5641836850840746,,1656.0,,5449.0,,,10196639,278000000
real,pos,hi,bho,xlm-roberta-base,lora,100,lora,0.027685492801771874,0.14285714285714285,0.04638218923933209,0.1937984496124031,2.4805572032928467,15.816179752349854,"{'gpu_name': 'NVIDIA GeForce RTX 3050 6GB Laptop GPU', 'vram_total_mb': 6143.5, 'pytorch_version': '2.6.0+cu124', 'cuda_version': '12.4'}",1264.0703125,64.0,67.0,307985,277774114
simulated,pos,bn,bho,xlm-roberta-base,lora,100,lora,0.5638630136195207,0.5355742727226986,0.5524844219622397,0.5844642538821786,,466.0,,4173.0,,,8969366,278000000
simulated,pos,mr,bho,xlm-roberta-base,lora,100,lora,0.4843005552185181,0.5697112110244921,0.5274010713296461,0.5509277890024535,,684.0,,4732.0,,,5317647,278000000
real,pos,hi,mai,xlm-roberta-base,zero-shot,0,full,0.007009673349221926,0.14285714285714285,0.013363624214887076,0.04906771344455348,2.860330104827881,9.04233455657959,"{'gpu_name': 'NVIDIA GeForce RTX 3050 6GB Laptop GPU', 'vram_total_mb': 6143.5, 'pytorch_version': '2.6.0+cu124', 'cuda_version': '12.4'}",1252.18115234375,65.0,70.0,277466129,277466129
real,pos,bn,mai,xlm-roberta-base,zero-shot,0,full,0.07144857637550193,0.09991945650651353,0.08307762639537149,0.1422963689892051,2.593104362487793,9.5349760055542,"{'gpu_name': 'NVIDIA GeForce RTX 3050 6GB Laptop GPU', 'vram_total_mb': 6143.5, 'pytorch_version': '2.6.0+cu124', 'cuda_version': '12.4'}",1252.18115234375,66.0,71.0,277466129,277466129
real,pos,mr,mai,xlm-roberta-base,zero-shot,0,full,0.0,0.0,0.0,0.0,2.9468321800231934,9.792133808135986,"{'gpu_name': 'NVIDIA GeForce RTX 3050 6GB Laptop GPU', 'vram_total_mb': 6143.5, 'pytorch_version': '2.6.0+cu124', 'cuda_version': '12.4'}",1252.18115234375,67.0,71.0,277466129,277466129
simulated,pos,hi,mai,xlm-roberta-base,few-shot,25,full,0.5343212946256621,0.6036597187985454,0.5756455885859806,0.6020814219966151,,676.0,,4801.0,,,278000000,278000000
simulated,pos,bn,mai,xlm-roberta-base,few-shot,25,full,0.6085339725718621,0.5796480298318513,0.5661614389280574,0.5952691132399487,,1429.0,,5380.0,,,278000000,278000000
simulated,pos,mr,mai,xlm-roberta-base,few-shot,25,full,0.40490706796805315,0.4069985457804024,0.4407253251507203,0.5357447521741868,,1168.0,,5185.0,,,278000000,278000000
simulated,pos,hi,mai,xlm-roberta-base,few-shot,50,full,0.5593955238512596,0.60510924198775,0.6003772972440835,0.679278913608587,,725.0,,4244.0,,,278000000,278000000
simulated,pos,bn,mai,xlm-roberta-base,few-shot,50,full,0.634597537791245,0.5666737624011553,0.5898358441616376,0.6240621940520521,,1436.0,,5191.0,,,278000000,278000000
simulated,pos,mr,mai,xlm-roberta-base,few-shot,50,full,0.4726656028314754,0.5511128230194037,0.5222404986073171,0.5684171546615642,,1597.0,,5444.0,,,278000000,278000000
real,pos,hi,mai,xlm-roberta-base,few-shot,100,full,0.2535917284576802,0.20566184373708146,0.17740537273379822,0.4151128557409225,2.56269907951355,18.311641931533813,"{'gpu_name': 'NVIDIA GeForce RTX 3050 6GB Laptop GPU', 'vram_total_mb': 6143.5, 'pytorch_version': '2.6.0+cu124', 'cuda_version': '12.4'}",4503.146484375,66.0,73.0,277466129,277466129
simulated,pos,bn,mai,xlm-roberta-base,few-shot,100,full,0.689408916092292,0.6458636081096158,0.6468832586721867,0.6710426396128216,,338.0,,4347.0,,,278000000,278000000
simulated,pos,mr,mai,xlm-roberta-base,few-shot,100,full,0.5030866814908614,0.5499107860339904,0.5527505255728062,0.5784243229283975,,853.0,,4918.0,,,278000000,278000000
simulated,pos,multi,mai,xlm-roberta-base,multi-source,0,full,0.7526471276828182,0.6184765191508352,0.6870816263337185,0.7712833310389001,,361.0,,4959.0,,,278000000,278000000
simulated,pos,hi,mai,xlm-roberta-base,adapter,25,adapter,0.5468243629609207,0.49374915752779674,0.5158465367834267,0.5729481670751774,,1262.0,,4365.0,,,5146250,278000000
simulated,pos,bn,mai,xlm-roberta-base,adapter,25,adapter,0.5338577404837005,0.5107662737008978,0.5171172195348476,0.6046325277138088,,1085.0,,5706.0,,,9316238,278000000
simulated,pos,mr,mai,xlm-roberta-base,adapter,25,adapter,0.4371996414481668,0.40940478693516447,0.4254669479312749,0.5100195762404526,,684.0,,5192.0,,,7464891,278000000
simulated,pos,hi,mai,xlm-roberta-base,adapter,50,adapter,0.55272121056945,0.5749713807298096,0.556739124471222,0.6461359291003774,,913.0,,5731.0,,,7835275,278000000
simulated,pos,bn,mai,xlm-roberta-base,adapter,50,adapter,0.48236900529386934,0.4808435775224425,0.5289244079217097,0.5519624136147395,,700.0,,4943.0,,,5590334,278000000
simulated,pos,mr,mai,xlm-roberta-base,adapter,50,adapter,0.4775926840179728,0.5272449900945112,0.4882055220523195,0.5373700277960873,,1572.0,,4161.0,,,7597329,278000000
simulated,pos,hi,mai,xlm-roberta-base,adapter,100,adapter,0.5882846793413289,0.6688447039728613,0.6526568559603116,0.6924253552116736,,892.0,,4740.0,,,8595423,278000000
simulated,pos,bn,mai,xlm-roberta-base,adapter,100,adapter,0.5833955937566977,0.5630484034972089,0.6198395182033747,0.644953891829465,,387.0,,4654.0,,,10400387,278000000
simulated,pos,mr,mai,xlm-roberta-base,adapter,100,adapter,0.5379751157549395,0.4812575633584377,0.50926040299272,0.576636217656642,,848.0,,5227.0,,,8688199,278000000
simulated,pos,hi,mai,xlm-roberta-base,lora,25,lora,0.4824121656908713,0.48283648450758115,0.5186494465676752,0.6178825335197674,,1572.0,,4863.0,,,6916754,278000000
simulated,pos,bn,mai,xlm-roberta-base,lora,25,lora,0.5150320004215261,0.5567518821113172,0.5130917109448151,0.5846529613578454,,1702.0,,4973.0,,,10215141,278000000
simulated,pos,mr,mai,xlm-roberta-base,lora,25,lora,0.4819573779304862,0.42695629359941967,0.4736515688321605,0.5208302011823385,,1271.0,,5506.0,,,9494594,278000000
simulated,pos,hi,mai,xlm-roberta-base,lora,50,lora,0.5803333983659144,0.5544792865503861,0.6092927965243832,0.6966774143743276,,990.0,,5419.0,,,10114494,278000000
simulated,pos,bn,mai,xlm-roberta-base,lora,50,lora,0.5224971738424293,0.5851663760892555,0.5638171766208034,0.6077987486916491,,905.0,,5700.0,,,9536202,278000000
simulated,pos,mr,mai,xlm-roberta-base,lora,50,lora,0.4949910067706825,0.554805894363086,0.5052997066684844,0.5673043649936551,,1520.0,,5555.0,,,4270136,278000000
real,pos,hi,mai,xlm-roberta-base,lora,100,lora,0.19505293902884263,0.12481991525423729,0.04548165461628836,0.197252208047105,2.5471973419189453,15.486904382705688,"{'gpu_name': 'NVIDIA GeForce RTX 3050 6GB Laptop GPU', 'vram_total_mb': 6143.5, 'pytorch_version': '2.6.0+cu124', 'cuda_version': '12.4'}",1263.7890625,65.0,68.0,307985,277774114
simulated,pos,bn,mai,xlm-roberta-base,lora,100,lora,0.579964802369284,0.546372646861884,0.6000097675745514,0.6652479496510826,,889.0,,5292.0,,,10349858,278000000
simulated,pos,mr,mai,xlm-roberta-base,lora,100,lora,0.5064902116569537,0.5232974540482025,0.5339341652786896,0.5609474341407453,,352.0,,4009.0,,,7350275,278000000
real,sentiment,hi,bho,xlm-roberta-base,zero-shot,0,full,0.26949267960503914,0.37435897435897436,0.24946785866326096,0.365,1.101782202720642,9.441510677337646,"{'gpu_name': 'NVIDIA GeForce RTX 3050 6GB Laptop GPU', 'vram_total_mb': 6143.5, 'pytorch_version': '2.6.0+cu124', 'cuda_version': '12.4'}",1255.7431640625,69.0,75.0,278045955,278045955
real,sentiment,bn,bho,xlm-roberta-base,zero-shot,0,full,0.4045138888888889,0.3666666666666667,0.22844125178755528,0.36,1.1079052686691284,9.429960250854492,"{'gpu_name': 'NVIDIA GeForce RTX 3050 6GB Laptop GPU', 'vram_total_mb': 6143.5, 'pytorch_version': '2.6.0+cu124', 'cuda_version': '12.4'}",1255.7431640625,69.0,75.0,278045955,278045955
real,sentiment,mr,bho,xlm-roberta-base,zero-shot,0,full,0.11666666666666665,0.3333333333333333,0.1728395061728395,0.35,1.1026928424835205,9.07767367362976,"{'gpu_name': 'NVIDIA GeForce RTX 3050 6GB Laptop GPU', 'vram_total_mb': 6143.5, 'pytorch_version': '2.6.0+cu124', 'cuda_version': '12.4'}",1255.7431640625,69.0,75.0,278045955,278045955
simulated,sentiment,hi,bho,xlm-roberta-base,few-shot,25,full,0.713196876548751,0.6562538969837707,0.7091510468561818,0.7298651106774252,,591.0,,5581.0,,,278000000,278000000
simulated,sentiment,bn,bho,xlm-roberta-base,few-shot,25,full,0.5211515170511949,0.5470719065953412,0.559685645994676,0.5999532595993055,,1782.0,,4512.0,,,278000000,278000000
simulated,sentiment,mr,bho,xlm-roberta-base,few-shot,25,full,0.6108447681898597,0.598886823471367,0.5642424864630441,0.597628278772633,,300.0,,4505.0,,,278000000,278000000
simulated,sentiment,hi,bho,xlm-roberta-base,few-shot,50,full,0.6664541008435813,0.6502281411375102,0.7170932161750019,0.743190029207792,,724.0,,4303.0,,,278000000,278000000
simulated,sentiment,bn,bho,xlm-roberta-base,few-shot,50,full,0.5773735879209719,0.5960987827338006,0.6015869100801303,0.6367077435095392,,1631.0,,4227.0,,,278000000,278000000
simulated,sentiment,mr,bho,xlm-roberta-base,few-shot,50,full,0.538149075929278,0.6045776356060149,0.5673550691565197,0.624338580133666,,808.0,,5315.0,,,278000000,278000000
real,sentiment,hi,bho,xlm-roberta-base,few-shot,100,full,0.19786324786324785,0.3241758241758242,0.17821529486828913,0.34,1.1027051210403442,16.636082410812378,"{'gpu_name': 'NVIDIA GeForce RTX 3050 6GB Laptop GPU', 'vram_total_mb': 6143.5, 'pytorch_version': '2.6.0+cu124', 'cuda_version': '12.4'}",4509.576171875,68.0,75.0,278045955,278045955
simulated,sentiment,bn,bho,xlm-roberta-base,few-shot,100,full,0.6301849338779958,0.658518338697417,0.6879072235918495,0.7286930824442617,,1550.0,,4390.0,,,278000000,278000000
simulated,sentiment,mr,bho,xlm-roberta-base,few-shot,100,full,0.6165119001344549,0.6125955999352883,0.6317726629488849,0.7150482207039138,,1169.0,,5724.0,,,278000000,278000000
simulated,sentiment,multi,bho,xlm-roberta-base,multi-source,0,full,0.8852487966258389,0.8744647486363443,0.8286532567423764,0.8560515319312165,,775.0,,5622.0,,,278000000,278000000
simulated,sentiment,hi,bho,xlm-roberta-base,adapter,25,adapter,0.6114354776226039,0.7139569970618459,0.6641878102032677,0.7121589453633146,,304.0,,5393.0,,,8777448,278000000
simulated,sentiment,bn,bho,xlm-roberta-base,adapter,25,adapter,0.5192709211769283,0.5133890067420137,0.5337923020157553,0.5679161206226149,,1179.0,,5377.0,,,9594030,278000000
simulated,sentiment,mr,bho,xlm-roberta-base,adapter,25,adapter,0.5380080165120342,0.5607543605423245,0.5506323815215665,0.5711516975832035,,1489.0,,5446.0,,,10737969,278000000
simulated,sentiment,hi,bho,xlm-roberta-base,adapter,50,adapter,0.680265929376079,0.6557049782053028,0.6920171452658889,0.7770771225518978,,418.0,,4772.0,,,9226232,278000000
simulated,sentiment,bn,bho,xlm-roberta-base,adapter,50,adapter,0.5672011032034319,0.5853206115118665,0.5792975182758,0.6667723265610432,,1334.0,,4695.0,,,6936704,278000000
simulated,sentiment,mr,bho,xlm-roberta-base,adapter,50,adapter,0.5284602225986739,0.5412338359745813,0.5301277760359661,0.5664308894230533,,829.0,,4659.0,,,6439524,278000000
simulated,sentiment,hi,bho,xlm-roberta-base,adapter,100,adapter,0.7535602540397579,0.7868536172200433,0.7232859371121163,0.7808698725635459,,1106.0,,5091.0,,,10574476,278000000
simulated,sentiment,bn,bho,xlm-roberta-base,adapter,100,adapter,0.6420283440586493,0.583992092967605,0.6268393268832388,0.6884444014813746,,1271.0,,5456.0,,,5064674,278000000
simulated,sentiment,mr,bho,xlm-roberta-base,adapter,100,adapter,0.5373199266283539,0.6207340686858023,0.5862324043306856,0.6121434647594847,,337.0,,4631.0,,,5618309,278000000
simulated,sentiment,hi,bho,xlm-roberta-base,lora,25,lora,0.6693271096076528,0.6208457639109178,0.6431018945473231,0.6951515090571524,,1480.0,,4654.0,,,7198115,278000000
simulated,sentiment,bn,bho,xlm-roberta-base,lora,25,lora,0.593843157431419,0.6180308358081493,0.566564099147836,0.6346203284063338,,1375.0,,4572.0,,,4210180,278000000
simulated,sentiment,mr,bho,xlm-roberta-base,lora,25,lora,0.5688314525083131,0.5538920333263148,0.5588406495972607,0.6207281033044446,,814.0,,4832.0,,,5518368,278000000
simulated,sentiment,hi,bho,xlm-roberta-base,lora,50,lora,0.7179897861200633,0.7212442718944961,0.6732543133792086,0.7521473645689576,,1260.0,,4625.0,,,6349697,278000000
simulated,sentiment,bn,bho,xlm-roberta-base,lora,50,lora,0.6484237140004221,0.623494717867312,0.6087943195250054,0.6362357070945277,,913.0,,5604.0,,,7803163,278000000
simulated,sentiment,mr,bho,xlm-roberta-base,lora,50,lora,0.5102007987334942,0.5074202078899248,0.5507849507938889,0.58396765356265,,1346.0,,5337.0,,,5473809,278000000
real,sentiment,hi,bho,xlm-roberta-base,lora,100,lora,0.10833333333333334,0.3333333333333333,0.16352201257861634,0.325,1.1235668659210205,15.575196266174316,"{'gpu_name': 'NVIDIA GeForce RTX 3050 6GB Laptop GPU', 'vram_total_mb': 6143.5, 'pytorch_version': '2.6.0+cu124', 'cuda_version': '12.4'}",1272.8857421875,67.0,70.0,887811,278933766
simulated,sentiment,bn,bho,xlm-roberta-base,lora,100,lora,0.7377402319840217,0.6343150052110688,0.6861737394171673,0.7428527774835955,,1519.0,,4320.0,,,7544014,278000000
simulated,sentiment,mr,bho,xlm-roberta-base,lora,100,lora,0.6128228921324407,0.6717190208215987,0.6499863286915671,0.7392370736246964,,880.0,,4208.0,,,6024344,278000000
real,sentiment,hi,mai,xlm-roberta-base,zero-shot,0,full,0.125,0.3333333333333333,0.1818181818181818,0.375,1.094631314277649,9.256638765335083,"{'gpu_name': 'NVIDIA GeForce RTX 3050 6GB Laptop GPU', 'vram_total_mb': 6143.5, 'pytorch_version': '2.6.0+cu124', 'cuda_version': '12.4'}",1255.72802734375,55.0,59.0,278045955,278045955
real,sentiment,bn,mai,xlm-roberta-base,zero-shot,0,full,0.11,0.3333333333333333,0.16541353383458646,0.33,1.099855899810791,9.358975887298584,"{'gpu_name': 'NVIDIA GeForce RTX 3050 6GB Laptop GPU', 'vram_total_mb': 6143.5, 'pytorch_version': '2.6.0+cu124', 'cuda_version': '12.4'}",1255.72802734375,56.0,60.0,278045955,278045955
real,sentiment,mr,mai,xlm-roberta-base,zero-shot,0,full,0.11,0.3333333333333333,0.16541353383458646,0.33,1.1039355993270874,8.896037578582764,"{'gpu_name': 'NVIDIA GeForce RTX 3050 6GB Laptop GPU', 'vram_total_mb': 6143.5, 'pytorch_version': '2.6.0+cu124', 'cuda_version': '12.4'}",1255.72802734375,56.0,61.0,278045955,278045955
simulated,sentiment,hi,mai,xlm-roberta-base,few-shot,25,full,0.6624183295001923,0.6706882771746776,0.6440029095187011,0.6845209895965774,,309.0,,4841.0,,,278000000,278000000
simulated,sentiment,bn,mai,xlm-roberta-base,few-shot,25,full,0.6682947190548151,0.6653348997991079,0.6450950781194834,0.7268193600670266,,472.0,,4549.0,,,278000000,278000000
simulated,sentiment,mr,mai,xlm-roberta-base,few-shot,25,full,0.5951027434973214,0.5696243003630345,0.5528276431104145,0.5799184143091578,,1199.0,,5413.0,,,278000000,278000000
simulated,sentiment,hi,mai,xlm-roberta-base,few-shot,50,full,0.6962175724475183,0.799135001045571,0.7276043055317152,0.8124964354602715,,1431.0,,5409.0,,,278000000,278000000
simulated,sentiment,bn,mai,xlm-roberta-base,few-shot,50,full,0.659471810861915,0.6329358345572227,0.6800154983352943,0.706323928938563,,1257.0,,4700.0,,,278000000,278000000
simulated,sentiment,mr,mai,xlm-roberta-base,few-shot,50,full,0.6544645479068713,0.5587937286644294,0.6005194699170638,0.6433022300720718,,441.0,,4945.0,,,278000000,278000000
real,sentiment,hi,mai,xlm-roberta-base,few-shot,100,full,0.22871994801819362,0.33446327683615823,0.2512505981121406,0.36,1.1049706935882568,16.58077907562256,"{'gpu_name': 'NVIDIA GeForce RTX 3050 6GB Laptop GPU', 'vram_total_mb': 6143.5, 'pytorch_version': '2.6.0+cu124', 'cuda_version': '12.4'}",4509.5703125,51.0,59.0,278045955,278045955
simulated,sentiment,bn,mai,xlm-roberta-base,few-shot,100,full,0.7633473891519513,0.7943435189934752,0.7488952604707739,0.7710191648347747,,1016.0,,4225.0,,,278000000,278000000
simulated,sentiment,mr,mai,xlm-roberta-base,few-shot,100,full,0.5820779465006419,0.5603286020653064,0.6190473723087562,0.6604162331791664,,600.0,,5384.0,,,278000000,278000000
simulated,sentiment,multi,mai,xlm-roberta-base,multi-source,0,full,0.7872916825391412,0.8349882475454476,0.8571450113452784,0.924668960508656,,1100.0,,5536.0,,,278000000,278000000
simulated,sentiment,hi,mai,xlm-roberta-base,adapter,25,adapter,0.627503640402419,0.5983200590176438,0.6319377781536227,0.6747564287506393,,1421.0,,5428.0,,,9006208,278000000
simulated,sentiment,bn,mai,xlm-roberta-base,adapter,25,adapter,0.543501260527214,0.6033720585209891,0.5855987698656538,0.6738833739264906,,1729.0,,5234.0,,,7987248,278000000
simulated,sentiment,mr,mai,xlm-roberta-base,adapter,25,adapter,0.5409918091671839,0.5433960366679436,0.5198767889830517,0.5795675734840632,,852.0,,5350.0,,,10583785,278000000
simulated,sentiment,hi,mai,xlm-roberta-base,adapter,50,adapter,0.6804672444571057,0.6477920446873242,0.6539550523894488,0.6910651876531945,,1094.0,,4077.0,,,5434009,278000000
simulated,sentiment,bn,mai,xlm-roberta-base,adapter,50,adapter,0.6978920337198301,0.6796215186822971,0.6654910112449821,0.7112898929141026,,555.0,,4457.0,,,7313294,278000000
simulated,sentiment,mr,mai,xlm-roberta-base,adapter,50,adapter,0.6268918777586839,0.6079408998938882,0.5774856869601993,0.6195933186576559,,364.0,,5445.0,,,4345767,278000000
simulated,sentiment,hi,mai,xlm-roberta-base,adapter,100,adapter,0.741153168759518,0.7475609741768294,0.7109678767444031,0.7341183296296749,,629.0,,5394.0,,,10346089,278000000
simulated,sentiment,bn,mai,xlm-roberta-base,adapter,100,adapter,0.7520861798974621,0.7642737478550944,0.7350565969936049,0.7896264003695752,,1428.0,,5389.0,,,5179266,278000000
simulated,sentiment,mr,mai,xlm-roberta-base,adapter,100,adapter,0.5612830817503822,0.6719557981976715,0.6186578182278164,0.6950884942778538,,1748.0,,4976.0,,,4435401,278000000
simulated,sentiment,hi,mai,xlm-roberta-base,lora,25,lora,0.5859070387465052,0.6120627768013814,0.6469527456636477,0.7028392180766404,,760.0,,4278.0,,,9522598,278000000
simulated,sentiment,bn,mai,xlm-roberta-base,lora,25,lora,0.6378337878672883,0.6857754800224469,0.6272496287398801,0.6689046819951742,,1001.0,,4601.0,,,6631619,278000000
simulated,sentiment,mr,mai,xlm-roberta-base,lora,25,lora,0.4998434057596643,0.4997656447764871,0.5247681459258268,0.55767494215868,,523.0,,5014.0,,,6332391,278000000
simulated,sentiment,hi,mai,xlm-roberta-base,lora,50,lora,0.6597664182894424,0.742364592317521,0.7137317916894421,0.739029666504247,,1118.0,,5129.0,,,7326876,278000000
simulated,sentiment,bn,mai,xlm-roberta-base,lora,50,lora,0.601948663529595,0.6837581287057307,0.6611502513787646,0.7522888699190631,,1773.0,,5631.0,,,5147867,278000000
simulated,sentiment,mr,mai,xlm-roberta-base,lora,50,lora,0.6258906572255809,0.6239776602165091,0.5935566804371214,0.6664378735318154,,1281.0,,4294.0,,,7767507,278000000
real,sentiment,hi,mai,xlm-roberta-base,lora,100,lora,0.3766666666666667,0.3598082520116419,0.326677035485241,0.345,1.0971215963363647,15.68682599067688,"{'gpu_name': 'NVIDIA GeForce RTX 3050 6GB Laptop GPU', 'vram_total_mb': 6143.5, 'pytorch_version': '2.6.0+cu124', 'cuda_version': '12.4'}",1272.326171875,56.0,60.0,887811,278933766
simulated,sentiment,bn,mai,xlm-roberta-base,lora,100,lora,0.6532841211323052,0.64127177335982,0.710334939842778,0.7878621244924572,,1714.0,,4902.0,,,10207352,278000000
simulated,sentiment,mr,mai,xlm-roberta-base,lora,100,lora,0.7097323856342233,0.6955813652542344,0.6555182728906876,0.7066173178207611,,1251.0,,4781.0,,,6560891,278000000
simulated,ner,hi,bho,ai4bharat/indic-bert,zero-shot,0,full,0.427887355982895,0.3649334464796736,0.396116081639695,0.48572550335156073,,681.0,,4542.0,,,278000000,278000000
simulated,ner,bn,bho,ai4bharat/indic-bert,zero-shot,0,full,0.3219802969712342,0.3501886329747417,0.32247438042178506,0.4110403042398479,,307.0,,5759.0,,,278000000,278000000
simulated,ner,mr,bho,ai4bharat/indic-bert,zero-shot,0,full,0.3133073926977241,0.3357932356577658,0.33761956975879936,0.3925249072153851,,725.0,,4124.0,,,278000000,278000000
simulated,ner,hi,bho,ai4bharat/indic-bert,few-shot,25,full,0.40255752876091183,0.45391657996814394,0.43462767483789105,0.5050488120958369,,1480.0,,5425.0,,,278000000,278000000
simulated,ner,bn,bho,ai4bharat/indic-bert,few-shot,25,full,0.3899423112381661,0.33230081948465895,0.357432624709137,0.4524410954326871,,1021.0,,4863.0,,,278000000,278000000
simulated,ner,mr,bho,ai4bharat/indic-bert,few-shot,25,full,0.3563290584320912,0.33890831946529043,0.36422485458931786,0.45331551726005176,,1609.0,,5440.0,,,278000000,278000000
simulated,ner,hi,bho,ai4bharat/indic-bert,few-shot,50,full,0.44995021426014453,0.44126655607072096,0.4436390288178692,0.5231059649243819,,837.0,,4266.0,,,278000000,278000000
simulated,ner,bn,bho,ai4bharat/indic-bert,few-shot,50,full,0.3678339241873632,0.4176056358905703,0.3993454613559136,0.4701545476113256,,1505.0,,5421.0,,,278000000,278000000
simulated,ner,mr,bho,ai4bharat/indic-bert,few-shot,50,full,0.3611660351121295,0.3481447859551821,0.3772659199669692,0.4747655223781065,,1422.0,,4407.0,,,278000000,278000000
simulated,ner,hi,bho,ai4bharat/indic-bert,few-shot,100,full,0.503948790672334,0.5853511757988874,0.5438717867669814,0.5751892409855749,,1652.0,,5336.0,,,278000000,278000000
simulated,ner,bn,bho,ai4bharat/indic-bert,few-shot,100,full,0.43044929791892367,0.3918718574740366,0.41811875350215977,0.48827711124831386,,1351.0,,5569.0,,,278000000,278000000
simulated,ner,mr,bho,ai4bharat/indic-bert,few-shot,100,full,0.42947807121922704,0.40908453436841663,0.4097373517131337,0.43687704117284515,,1392.0,,5188.0,,,278000000,278000000
simulated,ner,multi,bho,ai4bharat/indic-bert,multi-source,0,full,0.5549896904865295,0.6140521292067986,0.5742145855178442,0.6080447836923512,,453.0,,4392.0,,,278000000,278000000
simulated,ner,hi,bho,ai4bharat/indic-bert,adapter,25,adapter,0.4396035774385821,0.38993582492232354,0.4054083673577134,0.5038462329858826,,336.0,,4474.0,,,5072095,278000000
simulated,ner,bn,bho,ai4bharat/indic-bert,adapter,25,adapter,0.3314977917244984,0.3358268314479042,0.3636280711973222,0.43125283440852846,,1500.0,,4153.0,,,7366250,278000000
simulated,ner,mr,bho,ai4bharat/indic-bert,adapter,25,adapter,0.308231976206801,0.30298098623816666,0.32511147558316306,0.37293463890437273,,1300.0,,5326.0,,,6042954,278000000
simulated,ner,hi,bho,ai4bharat/indic-bert,adapter,50,adapter,0.43313501746280614,0.4477918139360289,0.4326306353658605,0.5074344576152033,,1445.0,,4762.0,,,7273670,278000000
simulated,ner,bn,bho,ai4bharat/indic-bert,adapter,50,adapter,0.3516392090241912,0.3587021632791608,0.38502117624878457,0.41353094351433706,,543.0,,5165.0,,,9523801,278000000
simulated,ner,mr,bho,ai4bharat/indic-bert,adapter,50,adapter,0.3606554646147036,0.33306429659257075,0.3415077884172223,0.3869640807107497,,1360.0,,5553.0,,,7505184,278000000
simulated,ner,hi,bho,ai4bharat/indic-bert,adapter,100,adapter,0.5164961464985174,0.5034628937120879,0.49579596932696945,0.5615379566467278,,882.0,,4720.0,,,8999455,278000000
simulated,ner,bn,bho,ai4bharat/indic-bert,adapter,100,adapter,0.44095266084177653,0.4172676447279499,0.40348716776800336,0.4473754752262711,,1135.0,,4022.0,,,7615382,278000000
simulated,ner,mr,bho,ai4bharat/indic-bert,adapter,100,adapter,0.4046900037871746,0.40163977825453445,0.42001905225884434,0.4583343262414515,,1068.0,,5437.0,,,6861341,278000000
simulated,ner,hi,bho,ai4bharat/indic-bert,lora,25,lora,0.437075098856562,0.4226830936737869,0.4569194830380151,0.5498350605677866,,321.0,,4889.0,,,5089537,278000000
simulated,ner,bn,bho,ai4bharat/indic-bert,lora,25,lora,0.381306707449189,0.3987163471670415,0.3961250062600566,0.48824488826241486,,389.0,,5312.0,,,8240377,278000000
simulated,ner,mr,bho,ai4bharat/indic-bert,lora,25,lora,0.38392685350869177,0.39008237318271677,0.36590072233810395,0.40984027096590714,,1172.0,,4890.0,,,9484107,278000000
simulated,ner,hi,bho,ai4bharat/indic-bert,lora,50,lora,0.4348990404969989,0.4656829947013209,0.45366144421149157,0.5492020897333953,,591.0,,5334.0,,,8117091,278000000
simulated,ner,bn,bho,ai4bharat/indic-bert,lora,50,lora,0.43887031384436864,0.3810286590776444,0.4024268734621873,0.4729605049188247,,1712.0,,4394.0,,,7561249,278000000
simulated,ner,mr,bho,ai4bharat/indic-bert,lora,50,lora,0.36835129282415247,0.4136453537315852,0.3889708739939647,0.4230831934706862,,589.0,,4594.0,,,7118502,278000000
simulated,ner,hi,bho,ai4bharat/indic-bert,lora,100,lora,0.4881322948854943,0.5359714962819095,0.506780782524243,0.5753592439032038,,1780.0,,4341.0,,,9784474,278000000
simulated,ner,bn,bho,ai4bharat/indic-bert,lora,100,lora,0.47211356685468747,0.4214907514861979,0.43055687558496203,0.48645095694475865,,1073.0,,4775.0,,,7516308,278000000
simulated,ner,mr,bho,ai4bharat/indic-bert,lora,100,lora,0.41245140425265275,0.42515297458140655,0.4420907719340617,0.4688417990338115,,1714.0,,4633.0,,,8170283,278000000
simulated,ner,hi,mai,ai4bharat/indic-bert,zero-shot,0,full,0.3836979575155507,0.37345683221117637,0.394770416039049,0.4326119173380733,,1386.0,,5503.0,,,278000000,278000000
simulated,ner,bn,mai,ai4bharat/indic-bert,zero-shot,0,full,0.374079163120438,0.3946081742965761,0.38549604475914934,0.4335350211455985,,1248.0,,4950.0,,,278000000,278000000
simulated,ner,mr,mai,ai4bharat/indic-bert,zero-shot,0,full,0.2621180589183368,0.28491522178031137,0.278239598069057,0.35168599189312794,,525.0,,5198.0,,,278000000,278000000
simulated,ner,hi,mai,ai4bharat/indic-bert,few-shot,25,full,0.422054373989654,0.4118713897973428,0.44039042428000735,0.47108569849858417,,1092.0,,4564.0,,,278000000,278000000
simulated,ner,bn,mai,ai4bharat/indic-bert,few-shot,25,full,0.41057157036558156,0.4098054470392149,0.3992841038670436,0.4638916186989652,,1239.0,,5401.0,,,278000000,278000000
simulated,ner,mr,mai,ai4bharat/indic-bert,few-shot,25,full,0.36065952246244537,0.32754629848212075,0.3417142260439675,0.3844468977465143,,828.0,,4992.0,,,278000000,278000000
simulated,ner,hi,mai,ai4bharat/indic-bert,few-shot,50,full,0.4183432803367748,0.45665088981767954,0.45323227936946875,0.52160414905306,,1472.0,,4023.0,,,278000000,278000000
simulated,ner,bn,mai,ai4bharat/indic-bert,few-shot,50,full,0.45209480067438057,0.4562537244323412,0.4685266805136189,0.5323039699411832,,1516.0,,5735.0,,,278000000,278000000
simulated,ner,mr,mai,ai4bharat/indic-bert,few-shot,50,full,0.3691829311459432,0.35482370892412635,0.370690232792947,0.4297084334722095,,1269.0,,4324.0,,,278000000,278000000
simulated,ner,hi,mai,ai4bharat/indic-bert,few-shot,100,full,0.4631802003786981,0.4637107794125144,0.4897093532721053,0.5510195813341275,,1375.0,,5080.0,,,278000000,278000000
simulated,ner,bn,mai,ai4bharat/indic-bert,few-shot,100,full,0.5432254701130117,0.525391667144484,0.5056097333878733,0.5560275673199846,,1374.0,,5449.0,,,278000000,278000000
simulated,ner,mr,mai,ai4bharat/indic-bert,few-shot,100,full,0.426127024318482,0.37490484407702057,0.39448967801057677,0.4369318805501602,,1032.0,,4381.0,,,278000000,278000000
simulated,ner,multi,mai,ai4bharat/indic-bert,multi-source,0,full,0.531160147440034,0.5483911762711419,0.5773166149329082,0.598181824088332,,1617.0,,5457.0,,,278000000,278000000
simulated,ner,hi,mai,ai4bharat/indic-bert,adapter,25,adapter,0.4177826164088799,0.4210846744032384,0.4242461247689141,0.46079237243844284,,946.0,,4136.0,,,4978696,278000000
simulated,ner,bn,mai,ai4bharat/indic-bert,adapter,25,adapter,0.3559088811748579,0.36015233593050133,0.38745346973148787,0.4626807891793361,,1134.0,,5760.0,,,9788501,278000000
simulated,ner,mr,mai,ai4bharat/indic-bert,adapter,25,adapter,0.3212233554349499,0.3392848960883185,0.33251878120402545,0.39097055719029317,,730.0,,4847.0,,,9025296,278000000
simulated,ner,hi,mai,ai4bharat/indic-bert,adapter,50,adapter,0.4355210051638137,0.4384294427372104,0.4247213406924815,0.4747429272403496,,835.0,,4338.0,,,9888045,278000000
simulated,ner,bn,mai,ai4bharat/indic-bert,adapter,50,adapter,0.4622025435648126,0.44383614908151364,0.43844654772953157,0.46567438597396604,,1677.0,,4341.0,,,4198599,278000000
simulated,ner,mr,mai,ai4bharat/indic-bert,adapter,50,adapter,0.3631527435741105,0.38357543912417225,0.3795277950292176,0.47199624288875675,,654.0,,4218.0,,,7831255,278000000
simulated,ner,hi,mai,ai4bharat/indic-bert,adapter,100,adapter,0.5255470246789375,0.4853673112831828,0.4987165952845892,0.5266463801991947,,1010.0,,5062.0,,,9883884,278000000
simulated,ner,bn,mai,ai4bharat/indic-bert,adapter,100,adapter,0.4018930137088106,0.43358697895279874,0.441829101943529,0.49612128205425404,,1756.0,,4152.0,,,9131568,278000000
simulated,ner,mr,mai,ai4bharat/indic-bert,adapter,100,adapter,0.4394069627500243,0.4258799656537421,0.4248953771877006,0.4497469369799614,,1356.0,,5458.0,,,6095453,278000000
simulated,ner,hi,mai,ai4bharat/indic-bert,lora,25,lora,0.4104931833002302,0.45088367794037526,0.4223426358327228,0.4652013522649388,,1292.0,,4785.0,,,9513129,278000000
simulated,ner,bn,mai,ai4bharat/indic-bert,lora,25,lora,0.3972134990654254,0.39448720842019047,0.3871336535017221,0.4391966399962902,,432.0,,5644.0,,,10397461,278000000
simulated,ner,mr,mai,ai4bharat/indic-bert,lora,25,lora,0.33484262530789655,0.3512171858071436,0.3652888024237049,0.4038287560733416,,1029.0,,4424.0,,,5987051,278000000
simulated,ner,hi,mai,ai4bharat/indic-bert,lora,50,lora,0.4445929480921139,0.4308383802660927,0.43504854429236106,0.5026875336648604,,1705.0,,4039.0,,,5946296,278000000
simulated,ner,bn,mai,ai4bharat/indic-bert,lora,50,lora,0.3948516935181183,0.44957070778816355,0.4201377215518126,0.485896302922492,,1565.0,,5032.0,,,7563161,278000000
simulated,ner,mr,mai,ai4bharat/indic-bert,lora,50,lora,0.3701680414636461,0.35187624673097995,0.3808832341160389,0.44669778288496936,,1790.0,,5038.0,,,7869778,278000000
simulated,ner,hi,mai,ai4bharat/indic-bert,lora,100,lora,0.4973120682571207,0.5573219937576032,0.5266533623326525,0.6000099276276402,,411.0,,5545.0,,,7303360,278000000
simulated,ner,bn,mai,ai4bharat/indic-bert,lora,100,lora,0.5370919651414232,0.5494161426278362,0.5068052095447787,0.6034371169007453,,553.0,,5154.0,,,4172345,278000000
simulated,ner,mr,mai,ai4bharat/indic-bert,lora,100,lora,0.40792415118831754,0.45802386475094453,0.4243929208629996,0.45209986202346325,,320.0,,4480.0,,,6030705,278000000
simulated,pos,hi,bho,ai4bharat/indic-bert,zero-shot,0,full,0.4682974875026473,0.4700800075092307,0.4671933334109854,0.5453741126068145,,1473.0,,4705.0,,,278000000,278000000
simulated,pos,bn,bho,ai4bharat/indic-bert,zero-shot,0,full,0.38492281231077,0.39079357159340733,0.40387018893336324,0.47360711616499784,,1169.0,,5598.0,,,278000000,278000000
simulated,pos,mr,bho,ai4bharat/indic-bert,zero-shot,0,full,0.4185291295007162,0.3865923352515875,0.3998225414711846,0.4997616079979566,,320.0,,5543.0,,,278000000,278000000
simulated,pos,hi,bho,ai4bharat/indic-bert,few-shot,25,full,0.46909375655547336,0.5637866771029195,0.5207621367147349,0.6168498172889022,,1523.0,,4068.0,,,278000000,278000000
simulated,pos,bn,bho,ai4bharat/indic-bert,few-shot,25,full,0.5103401508129528,0.4393293259030743,0.47776970542393343,0.530466271628491,,1518.0,,4486.0,,,278000000,278000000
simulated,pos,mr,bho,ai4bharat/indic-bert,few-shot,25,full,0.448242680797572,0.5068638777666575,0.466281625060475,0.5653045917288532,,1091.0,,4673.0,,,278000000,278000000
simulated,pos,hi,bho,ai4bharat/indic-bert,few-shot,50,full,0.5142536473567314,0.5658942893500066,0.562342193513779,0.644842102658089,,369.0,,5265.0,,,278000000,278000000
simulated,pos,bn,bho,ai4bharat/indic-bert,few-shot,50,full,0.5165097873929804,0.46734453296642203,0.509736065905489,0.5552552832193438,,1427.0,,5731.0,,,278000000,278000000
simulated,pos,mr,bho,ai4bharat/indic-bert,few-shot,50,full,0.501208169676188,0.4434167444050465,0.48519952534428,0.5359433052963097,,1715.0,,5136.0,,,278000000,278000000
simulated,pos,hi,bho,ai4bharat/indic-bert,few-shot,100,full,0.6580898397454468,0.6748977548331391,0.6533958947617158,0.6881518428001463,,1426.0,,5342.0,,,278000000,278000000
simulated,pos,bn,bho,ai4bharat/indic-bert,few-shot,100,full,0.5048570287275588,0.5112524762226459,0.5511898134598078,0.6092487650455299,,1114.0,,4311.0,,,278000000,278000000
simulated,pos,mr,bho,ai4bharat/indic-bert,few-shot,100,full,0.5058667164501051,0.5219992359486073,0.49710884935922395,0.5680857364528524,,1570.0,,5770.0,,,278000000,278000000
simulated,pos,multi,bho,ai4bharat/indic-bert,multi-source,0,full,0.7029554489988928,0.6450223875191383,0.6831538020516309,0.7268725406705562,,1184.0,,4916.0,,,278000000,278000000
simulated,pos,hi,bho,ai4bharat/indic-bert,adapter,25,adapter,0.549631975020199,0.5192809330402917,0.5267091143683581,0.5523418121683682,,1287.0,,4293.0,,,10063829,278000000
simulated,pos,bn,bho,ai4bharat/indic-bert,adapter,25,adapter,0.43921422926460674,0.38975364774754967,0.4237585772866431,0.44959832231422864,,679.0,,4830.0,,,10774747,278000000
simulated,pos,mr,bho,ai4bharat/indic-bert,adapter,25,adapter,0.4478831629705665,0.4537137784180435,0.4235558016447538,0.5021722039972174,,1030.0,,4366.0,,,10078832,278000000
simulated,pos,hi,bho,ai4bharat/indic-bert,adapter,50,adapter,0.5181627241660001,0.5614291829417206,0.5571778111912631,0.6504968966528472,,889.0,,5717.0,,,4573196,278000000
simulated,pos,bn,bho,ai4bharat/indic-bert,adapter,50,adapter,0.47715165175459473,0.44601834670554097,0.4523679837831096,0.5344832585456679,,891.0,,5048.0,,,5256374,278000000
simulated,pos,mr,bho,ai4bharat/indic-bert,adapter,50,adapter,0.4301955592317852,0.4562124328874959,0.43466784537631636,0.5019081298200655,,727.0,,5579.0,,,6309435,278000000
simulated,pos,hi,bho,ai4bharat/indic-bert,adapter,100,adapter,0.609269684462291,0.5807243687484644,0.6073039446466088,0.6311218722830375,,1218.0,,4650.0,,,5571314,278000000
simulated,pos,bn,bho,ai4bharat/indic-bert,adapter,100,adapter,0.58737109533406,0.49728398212320263,0.5400859160659575,0.6259409669104982,,1545.0,,4172.0,,,4797013,278000000
simulated,pos,mr,bho,ai4bharat/indic-bert,adapter,100,adapter,0.5499881365444523,0.5178225408613457,0.5015514851325328,0.5642270976836843,,1572.0,,4849.0,,,4466356,278000000
simulated,pos,hi,bho,ai4bharat/indic-bert,lora,25,lora,0.5468063764210932,0.510625592960812,0.5010708542689744,0.5706174425097555,,1499.0,,4473.0,,,10427119,278000000
simulated,pos,bn,bho,ai4bharat/indic-bert,lora,25,lora,0.44293841524077054,0.49947370028678006,0.46041264386587444,0.5424200764087646,,1765.0,,4014.0,,,4340578,278000000
simulated,pos,mr,bho,ai4bharat/indic-bert,lora,25,lora,0.43452480461033566,0.4793610106472793,0.45126016973541,0.5417503576587729,,442.0,,5439.0,,,6716669,278000000
simulated,pos,hi,bho,ai4bharat/indic-bert,lora,50,lora,0.6029153350909923,0.61506353352595,0.5854158350413188,0.616525858892891,,529.0,,5733.0,,,8101110,278000000
simulated,pos,bn,bho,ai4bharat/indic-bert,lora,50,lora,0.4581638919296039,0.4643533760549031,0.4913791916940553,0.5616432351028775,,1162.0,,4641.0,,,6074757,278000000
simulated,pos,mr,bho,ai4bharat/indic-bert,lora,50,lora,0.4706639889849866,0.4828848685457458,0.4862490259319273,0.5094833881477092,,475.0,,4487.0,,,10683739,278000000
simulated,pos,hi,bho,ai4bharat/indic-bert,lora,100,lora,0.5935410940208257,0.5835129036243207,0.5968951117435464,0.670436797672248,,1090.0,,5570.0,,,8725778,278000000
simulated,pos,bn,bho,ai4bharat/indic-bert,lora,100,lora,0.5096543262125869,0.5095969988374204,0.5282982045260044,0.5878962823648003,,1494.0,,5043.0,,,10506147,278000000
simulated,pos,mr,bho,ai4bharat/indic-bert,lora,100,lora,0.4839311997144976,0.5379673404383629,0.517319894493789,0.5883504354637903,,1615.0,,5139.0,,,11067871,278000000
simulated,pos,hi,mai,ai4bharat/indic-bert,zero-shot,0,full,0.45536511745870983,0.46879355039768644,0.4523241908628828,0.5447843384266786,,812.0,,4018.0,,,278000000,278000000
simulated,pos,bn,mai,ai4bharat/indic-bert,zero-shot,0,full,0.43841850812235217,0.4450968470415027,0.4554657986407637,0.5312928893655453,,1036.0,,5427.0,,,278000000,278000000
simulated,pos,mr,mai,ai4bharat/indic-bert,zero-shot,0,full,0.34215101182683205,0.37043870066319423,0.3590714071182422,0.412613195336892,,780.0,,5465.0,,,278000000,278000000
simulated,pos,hi,mai,ai4bharat/indic-bert,few-shot,25,full,0.6031917863442369,0.5476396256289816,0.5510475749543727,0.5858420707392431,,1639.0,,5611.0,,,278000000,278000000
simulated,pos,bn,mai,ai4bharat/indic-bert,few-shot,25,full,0.5286030320181324,0.4980784543790648,0.5152384216919107,0.5486981277238565,,769.0,,5237.0,,,278000000,278000000
simulated,pos,mr,mai,ai4bharat/indic-bert,few-shot,25,full,0.4298873758638978,0.4278783318676186,0.41839993267218717,0.4972938349659478,,680.0,,5011.0,,,278000000,278000000
simulated,pos,hi,mai,ai4bharat/indic-bert,few-shot,50,full,0.5844320478399452,0.530676945714365,0.5869747362850899,0.6364926477476007,,1257.0,,4394.0,,,278000000,278000000
simulated,pos,bn,mai,ai4bharat/indic-bert,few-shot,50,full,0.520285598394017,0.5591192234418083,0.5609398965919925,0.6480941144508322,,1017.0,,5489.0,,,278000000,278000000
simulated,pos,mr,mai,ai4bharat/indic-bert,few-shot,50,full,0.4412749852148079,0.48474949236326875,0.4596568769470147,0.55887235285382,,1006.0,,4094.0,,,278000000,278000000
simulated,pos,hi,mai,ai4bharat/indic-bert,few-shot,100,full,0.6852656416932589,0.6294322901903082,0.635734544557091,0.7275817668646594,,423.0,,5426.0,,,278000000,278000000
simulated,pos,bn,mai,ai4bharat/indic-bert,few-shot,100,full,0.5935622082097906,0.6355420246196277,0.6266275001834469,0.7075248675450521,,861.0,,4502.0,,,278000000,278000000
simulated,pos,mr,mai,ai4bharat/indic-bert,few-shot,100,full,0.531192345969597,0.5327807693954754,0.5372263983485667,0.5668495492721844,,773.0,,4653.0,,,278000000,278000000
simulated,pos,multi,mai,ai4bharat/indic-bert,multi-source,0,full,0.7436113072938754,0.723880673167724,0.696340716673607,0.7680049488112152,,485.0,,4837.0,,,278000000,278000000
simulated,pos,hi,mai,ai4bharat/indic-bert,adapter,25,adapter,0.5032131222854621,0.4710734718746951,0.48273517690298134,0.5104782894426905,,1571.0,,4600.0,,,7628293,278000000
simulated,pos,bn,mai,ai4bharat/indic-bert,adapter,25,adapter,0.48531610238782363,0.4732640092597349,0.48529106908790615,0.5723202412257375,,558.0,,4801.0,,,7829509,278000000
simulated,pos,mr,mai,ai4bharat/indic-bert,adapter,25,adapter,0.36540724382761547,0.42517912410766223,0.39390565654954546,0.480920254014191,,444.0,,4536.0,,,5860299,278000000
simulated,pos,hi,mai,ai4bharat/indic-bert,adapter,50,adapter,0.5662254968891018,0.5470376545201658,0.5176393999834817,0.6151651819438094,,805.0,,4505.0,,,8747133,278000000
simulated,pos,bn,mai,ai4bharat/indic-bert,adapter,50,adapter,0.5426750153361435,0.49920214712820077,0.5449097279397966,0.6119206563966192,,616.0,,5124.0,,,6974917,278000000
simulated,pos,mr,mai,ai4bharat/indic-bert,adapter,50,adapter,0.473384445926385,0.4044902286814732,0.4486911263900751,0.532467626949253,,1468.0,,5313.0,,,6604515,278000000
simulated,pos,hi,mai,ai4bharat/indic-bert,adapter,100,adapter,0.5796415578324112,0.6079796465808764,0.6106979428809665,0.631503457803149,,1569.0,,5275.0,,,6255330,278000000
simulated,pos,bn,mai,ai4bharat/indic-bert,adapter,100,adapter,0.6092815622611273,0.5502934178716675,0.584659996041185,0.6422604479974008,,710.0,,5587.0,,,7391021,278000000
simulated,pos,mr,mai,ai4bharat/indic-bert,adapter,100,adapter,0.5243884057564162,0.5585642562250014,0.5231609197200844,0.6166555937391857,,1066.0,,5143.0,,,7619488,278000000
simulated,pos,hi,mai,ai4bharat/indic-bert,lora,25,lora,0.5192396159468425,0.556586421066343,0.5074608804217436,0.591709077170722,,718.0,,5529.0,,,7901603,278000000
simulated,pos,bn,mai,ai4bharat/indic-bert,lora,25,lora,0.49148362329477163,0.5669518797187516,0.5174261531957449,0.5598029099990494,,500.0,,4737.0,,,5740489,278000000
simulated,pos,mr,mai,ai4bharat/indic-bert,lora,25,lora,0.42169798805099135,0.3922959764949278,0.4097348100249372,0.4716182998800601,,1453.0,,5553.0,,,9329851,278000000
simulated,pos,hi,mai,ai4bharat/indic-bert,lora,50,lora,0.5762683172595005,0.5254325085301974,0.534557326282424,0.6196229519989852,,1510.0,,4717.0,,,7110877,278000000
simulated,pos,bn,mai,ai4bharat/indic-bert,lora,50,lora,0.5578866649826074,0.5073936290794164,0.5508651702154435,0.5935425509264571,,1051.0,,4584.0,,,6622646,278000000
simulated,pos,mr,mai,ai4bharat/indic-bert,lora,50,lora,0.4898422214711489,0.45700003296642555,0.4479690124594823,0.5293284261163042,,946.0,,5116.0,,,4512987,278000000
simulated,pos,hi,mai,ai4bharat/indic-bert,lora,100,lora,0.5664863688791276,0.6497375703869559,0.6011473831191712,0.6753862540956965,,1488.0,,5405.0,,,8331618,278000000
simulated,pos,bn,mai,ai4bharat/indic-bert,lora,100,lora,0.5684008398011433,0.5465204522727121,0.5955168895563693,0.6228863091673419,,682.0,,5347.0,,,9152713,278000000
simulated,pos,mr,mai,ai4bharat/indic-bert,lora,100,lora,0.49144763357248655,0.5607255623192722,0.5274000440080268,0.6079176640011322,,1409.0,,4493.0,,,10305052,278000000
simulated,sentiment,hi,bho,ai4bharat/indic-bert,zero-shot,0,full,0.5442285108717246,0.6066392403214539,0.5523952990764744,0.5787908650852674,,971.0,,4896.0,,,278000000,278000000
simulated,sentiment,bn,bho,ai4bharat/indic-bert,zero-shot,0,full,0.455473547751134,0.4808887094447706,0.47630869914914276,0.5121740496696676,,575.0,,4617.0,,,278000000,278000000
simulated,sentiment,mr,bho,ai4bharat/indic-bert,zero-shot,0,full,0.44026752927413376,0.49097010751493714,0.4523693372530726,0.5319834945072616,,1057.0,,5378.0,,,278000000,278000000
simulated,sentiment,hi,bho,ai4bharat/indic-bert,few-shot,25,full,0.5933871390244972,0.5797044844040213,0.6283228287188377,0.6538167033496132,,1164.0,,4946.0,,,278000000,278000000
simulated,sentiment,bn,bho,ai4bharat/indic-bert,few-shot,25,full,0.5867381207812234,0.6218471378118732,0.5692291840784924,0.6025075251949586,,1239.0,,4259.0,,,278000000,278000000
simulated,sentiment,mr,bho,ai4bharat/indic-bert,few-shot,25,full,0.5214090083904005,0.6117459890753775,0.5563158138587139,0.6150386598472135,,505.0,,5267.0,,,278000000,278000000
simulated,sentiment,hi,bho,ai4bharat/indic-bert,few-shot,50,full,0.6744319551142381,0.7562908278208496,0.7066684270056768,0.7364195742103384,,1492.0,,4516.0,,,278000000,278000000
simulated,sentiment,bn,bho,ai4bharat/indic-bert,few-shot,50,full,0.6126181356366831,0.5844618120886002,0.6122874227389288,0.6837626536356596,,537.0,,5053.0,,,278000000,278000000
simulated,sentiment,mr,bho,ai4bharat/indic-bert,few-shot,50,full,0.5305388321686266,0.5205079168164046,0.567709962769916,0.590318380248599,,1665.0,,4730.0,,,278000000,278000000
simulated,sentiment,hi,bho,ai4bharat/indic-bert,few-shot,100,full,0.6807835019090479,0.7532611766442459,0.7537690634766312,0.8465464708896625,,1143.0,,4772.0,,,278000000,278000000
simulated,sentiment,bn,bho,ai4bharat/indic-bert,few-shot,100,full,0.6230555417658514,0.605097820275632,0.6494789245173611,0.7179721929194415,,555.0,,5541.0,,,278000000,278000000
simulated,sentiment,mr,bho,ai4bharat/indic-bert,few-shot,100,full,0.5975256347833761,0.6210923381127232,0.6104556122629706,0.6784541154512785,,744.0,,5729.0,,,278000000,278000000
simulated,sentiment,multi,bho,ai4bharat/indic-bert,multi-source,0,full,0.7414980829146837,0.8146814060307569,0.7705851954340929,0.8685503032735766,,763.0,,5616.0,,,278000000,278000000
simulated,sentiment,hi,bho,ai4bharat/indic-bert,adapter,25,adapter,0.6533457331522259,0.6424500508075525,0.6119652262446807,0.6898522710557307,,328.0,,5745.0,,,5621659,278000000
simulated,sentiment,bn,bho,ai4bharat/indic-bert,adapter,25,adapter,0.5109237487421978,0.545737151705784,0.4980878099705859,0.5350517737363419,,426.0,,5494.0,,,6727328,278000000
simulated,sentiment,mr,bho,ai4bharat/indic-bert,adapter,25,adapter,0.5314204025974353,0.4768243443182888,0.4901776361222585,0.5822409961700048,,653.0,,4391.0,,,4236453,278000000
simulated,sentiment,hi,bho,ai4bharat/indic-bert,adapter,50,adapter,0.6361626158598617,0.5908075081259514,0.6532920732056702,0.6897275603050993,,992.0,,5273.0,,,4794913,278000000
simulated,sentiment,bn,bho,ai4bharat/indic-bert,adapter,50,adapter,0.5990417272664856,0.5378199494471149,0.558851926044976,0.6266873296642939,,719.0,,4200.0,,,7595528,278000000
simulated,sentiment,mr,bho,ai4bharat/indic-bert,adapter,50,adapter,0.5384713365840107,0.5592742158355145,0.5115878449475448,0.5572761068019346,,949.0,,4576.0,,,8790349,278000000
simulated,sentiment,hi,bho,ai4bharat/indic-bert,adapter,100,adapter,0.7345886463236199,0.7795013396514927,0.7333197980545555,0.7736058954607811,,1323.0,,4454.0,,,8673159,278000000
simulated,sentiment,bn,bho,ai4bharat/indic-bert,adapter,100,adapter,0.6050488668826438,0.6253943206428335,0.6322581083967761,0.6580716715735287,,562.0,,5380.0,,,10606897,278000000
simulated,sentiment,mr,bho,ai4bharat/indic-bert,adapter,100,adapter,0.6518559822586139,0.6452446258244428,0.5940794982044066,0.6898496955803372,,1063.0,,5576.0,,,7823245,278000000
simulated,sentiment,hi,bho,ai4bharat/indic-bert,lora,25,lora,0.6503263126858354,0.595722760966945,0.6454145346232841,0.7192255350087121,,630.0,,4116.0,,,8112227,278000000
simulated,sentiment,bn,bho,ai4bharat/indic-bert,lora,25,lora,0.5780597955441441,0.5642789756403461,0.5393230392875148,0.5688016072109281,,567.0,,4750.0,,,7471081,278000000
simulated,sentiment,mr,bho,ai4bharat/indic-bert,lora,25,lora,0.4568562875250942,0.4454379727596018,0.4840606530033739,0.5222653051583754,,582.0,,4081.0,,,7903348,278000000
simulated,sentiment,hi,bho,ai4bharat/indic-bert,lora,50,lora,0.6768042279659111,0.5953896692253755,0.6369421141691409,0.6628502124840379,,926.0,,4760.0,,,6807261,278000000
simulated,sentiment,bn,bho,ai4bharat/indic-bert,lora,50,lora,0.5805864284480935,0.5472831879920543,0.5624525814888609,0.6440350095610528,,319.0,,5390.0,,,10931697,278000000
simulated,sentiment,mr,bho,ai4bharat/indic-bert,lora,50,lora,0.4950136964140233,0.5735661251665489,0.5239196551816899,0.5738407184818117,,1037.0,,4542.0,,,10938478,278000000
simulated,sentiment,hi,bho,ai4bharat/indic-bert,lora,100,lora,0.6795301751825545,0.7713058246320047,0.7130045753724003,0.7332079903322258,,1388.0,,4639.0,,,4988003,278000000
simulated,sentiment,bn,bho,ai4bharat/indic-bert,lora,100,lora,0.6804442655699707,0.6772699313653665,0.6219173310610969,0.7039687931544268,,452.0,,4097.0,,,6030667,278000000
simulated,sentiment,mr,bho,ai4bharat/indic-bert,lora,100,lora,0.5940126962736767,0.52752923939584,0.5749697068231053,0.611063380767149,,1179.0,,4468.0,,,5497399,278000000
simulated,sentiment,hi,mai,ai4bharat/indic-bert,zero-shot,0,full,0.5904886839707836,0.5528641355969127,0.5464549489146951,0.5774429767954278,,1704.0,,4219.0,,,278000000,278000000
simulated,sentiment,bn,mai,ai4bharat/indic-bert,zero-shot,0,full,0.5737829193009185,0.4717397098603165,0.5239004780679631,0.5977227932270875,,1115.0,,4901.0,,,278000000,278000000
simulated,sentiment,mr,mai,ai4bharat/indic-bert,zero-shot,0,full,0.41186930986897086,0.4698655724253626,0.4395407840449637,0.49089576079076297,,1410.0,,4790.0,,,278000000,278000000
simulated,sentiment,hi,mai,ai4bharat/indic-bert,few-shot,25,full,0.6264347974524416,0.583428171440425,0.6269687431936554,0.681482360543147,,1512.0,,4540.0,,,278000000,278000000
simulated,sentiment,bn,mai,ai4bharat/indic-bert,few-shot,25,full,0.5657208716841262,0.5582085797620867,0.5978480810392902,0.6369506732431296,,435.0,,4829.0,,,278000000,278000000
simulated,sentiment,mr,mai,ai4bharat/indic-bert,few-shot,25,full,0.4967248027241995,0.5202111057164677,0.5156921277947256,0.5714333074035456,,1211.0,,4682.0,,,278000000,278000000
simulated,sentiment,hi,mai,ai4bharat/indic-bert,few-shot,50,full,0.6612802262967488,0.6999386571985552,0.6412312840857847,0.7138184357629028,,1384.0,,5550.0,,,278000000,278000000
simulated,sentiment,bn,mai,ai4bharat/indic-bert,few-shot,50,full,0.6357958137764061,0.6293249647398043,0.6379507092436698,0.7171016795110629,,1143.0,,5347.0,,,278000000,278000000
simulated,sentiment,mr,mai,ai4bharat/indic-bert,few-shot,50,full,0.5492195686324562,0.5958118686031553,0.5563929256683107,0.6367135003078022,,517.0,,4087.0,,,278000000,278000000
simulated,sentiment,hi,mai,ai4bharat/indic-bert,few-shot,100,full,0.7450243115859376,0.721922969638635,0.7356555253751336,0.7884020665154254,,898.0,,4491.0,,,278000000,278000000
simulated,sentiment,bn,mai,ai4bharat/indic-bert,few-shot,100,full,0.7059623979459501,0.7474123054228687,0.7220686564221498,0.7930394150101849,,725.0,,5783.0,,,278000000,278000000
simulated,sentiment,mr,mai,ai4bharat/indic-bert,few-shot,100,full,0.6831682245801721,0.6588396750342687,0.6282378686928141,0.6682510246383975,,724.0,,5515.0,,,278000000,278000000
simulated,sentiment,multi,mai,ai4bharat/indic-bert,multi-source,0,full,0.7631863961873869,0.7793660662665362,0.7784597275322753,0.858191783031004,,917.0,,5484.0,,,278000000,278000000
simulated,sentiment,hi,mai,ai4bharat/indic-bert,adapter,25,adapter,0.5781441907623089,0.5772347465723288,0.5970471915010801,0.6411939027140503,,1525.0,,5620.0,,,8770770,278000000
simulated,sentiment,bn,mai,ai4bharat/indic-bert,adapter,25,adapter,0.5746005603191612,0.5891573967181089,0.5584996334262862,0.6530809117369379,,1682.0,,4708.0,,,4979810,278000000
simulated,sentiment,mr,mai,ai4bharat/indic-bert,adapter,25,adapter,0.5386309827087694,0.5038865509983161,0.5111070645805318,0.5533381363847226,,1519.0,,5576.0,,,6118580,278000000
simulated,sentiment,hi,mai,ai4bharat/indic-bert,adapter,50,adapter,0.6290650931924655,0.6897927040278408,0.6367073178782846,0.6873551589680653,,1163.0,,5328.0,,,10886373,278000000
simulated,sentiment,bn,mai,ai4bharat/indic-bert,adapter,50,adapter,0.5456624722099395,0.6313836321894162,0.6062784114518271,0.6852781879860094,,1320.0,,5704.0,,,10050135,278000000
simulated,sentiment,mr,mai,ai4bharat/indic-bert,adapter,50,adapter,0.541110766951965,0.4896337398267846,0.5184834550360212,0.6038184940692853,,304.0,,5427.0,,,5260849,278000000
simulated,sentiment,hi,mai,ai4bharat/indic-bert,adapter,100,adapter,0.7133450614384911,0.7762466512282815,0.7083259983709845,0.744436906052038,,747.0,,4715.0,,,6400203,278000000
simulated,sentiment,bn,mai,ai4bharat/indic-bert,adapter,100,adapter,0.6841683376480082,0.6948493815277149,0.6830544161137211,0.7583059545592462,,1723.0,,4475.0,,,7263479,278000000
simulated,sentiment,mr,mai,ai4bharat/indic-bert,adapter,100,adapter,0.5933350980011008,0.5656715110549462,0.5877485493481548,0.6716695259490566,,1131.0,,4971.0,,,10045711,278000000
simulated,sentiment,hi,mai,ai4bharat/indic-bert,lora,25,lora,0.6024426853861472,0.66683366538924,0.6200534288988475,0.6695307078724836,,962.0,,4281.0,,,5517659,278000000
simulated,sentiment,bn,mai,ai4bharat/indic-bert,lora,25,lora,0.636635236341266,0.6281515037429414,0.595433795168549,0.6391945216607589,,1736.0,,4512.0,,,6485185,278000000
simulated,sentiment,mr,mai,ai4bharat/indic-bert,lora,25,lora,0.4930288245906444,0.5724718454906904,0.5229661156410537,0.6103167847147031,,1024.0,,4731.0,,,10324039,278000000
simulated,sentiment,hi,mai,ai4bharat/indic-bert,lora,50,lora,0.6158811478245482,0.6687402997923527,0.6376334182210764,0.7155016307684635,,1531.0,,4170.0,,,7810763,278000000
simulated,sentiment,bn,mai,ai4bharat/indic-bert,lora,50,lora,0.5661121945009421,0.5954102246440768,0.6174625223179994,0.6662669162051715,,1487.0,,4167.0,,,5173512,278000000
simulated,sentiment,mr,mai,ai4bharat/indic-bert,lora,50,lora,0.4973910596451961,0.5541961348693107,0.5269869777133661,0.5775558540923741,,1092.0,,4039.0,,,8049358,278000000
simulated,sentiment,hi,mai,ai4bharat/indic-bert,lora,100,lora,0.7450520620673522,0.6671063013418446,0.7046931326626105,0.7979491183338303,,694.0,,5219.0,,,6555096,278000000
simulated,sentiment,bn,mai,ai4bharat/indic-bert,lora,100,lora,0.6271221801404088,0.6997336668645964,0.6853181103471401,0.7742330012488923,,682.0,,4148.0,,,8094599,278000000
simulated,sentiment,mr,mai,ai4bharat/indic-bert,lora,100,lora,0.5256000262029922,0.54520587381925,0.570263569454394,0.5938035786506456,,1506.0,,4503.0,,,6034972,278000000
real,ner,hi,bho,google/muril-base-cased,zero-shot,0,full,0.06822107081174439,0.19899244332493704,0.10160771704180065,0.07333908541846419,1.9405077695846558,338.1131854057312,"{'gpu_name': 'NVIDIA GeForce RTX 3050 6GB Laptop GPU', 'vram_total_mb': 6143.5, 'pytorch_version': '2.6.0+cu124', 'cuda_version': '12.4'}",1097.1455078125,46.0,52.0,236971015,236971015
real,ner,bn,bho,google/muril-base-cased,zero-shot,0,full,0.014285714285714285,0.012594458438287154,0.013386880856760376,0.07420189818809318,1.9436858892440796,7.2083070278167725,"{'gpu_name': 'NVIDIA GeForce RTX 3050 6GB Laptop GPU', 'vram_total_mb': 6143.5, 'pytorch_version': '2.6.0+cu124', 'cuda_version': '12.4'}",1097.1455078125,51.0,56.0,236971015,236971015
real,ner,mr,bho,google/muril-base-cased,zero-shot,0,full,0.06816220880069025,0.19899244332493704,0.10154241645244216,0.07333908541846419,1.9576928615570068,6.564191818237305,"{'gpu_name': 'NVIDIA GeForce RTX 3050 6GB Laptop GPU', 'vram_total_mb': 6143.5, 'pytorch_version': '2.6.0+cu124', 'cuda_version': '12.4'}",1097.1455078125,52.0,58.0,236971015,236971015
simulated,ner,hi,bho,google/muril-base-cased,few-shot,25,full,0.4812423941347675,0.4585174345703564,0.47381806417610073,0.5381018011848233,,467.0,,5226.0,,,278000000,278000000
simulated,ner,bn,bho,google/muril-base-cased,few-shot,25,full,0.43237844079780713,0.3776178138403688,0.4131550281672446,0.4992889085768079,,1560.0,,5602.0,,,278000000,278000000
simulated,ner,mr,bho,google/muril-base-cased,few-shot,25,full,0.40108381719924624,0.3508154573454247,0.382869465826801,0.4566610232741658,,350.0,,5181.0,,,278000000,278000000
simulated,ner,hi,bho,google/muril-base-cased,few-shot,50,full,0.5336185433492437,0.4557178966956863,0.49071962420833226,0.5265514910792441,,342.0,,4690.0,,,278000000,278000000
simulated,ner,bn,bho,google/muril-base-cased,few-shot,50,full,0.5033456910115001,0.4410170689509729,0.47514633568494624,0.5282589581501762,,1125.0,,4708.0,,,278000000,278000000
simulated,ner,mr,bho,google/muril-base-cased,few-shot,50,full,0.47925909191780763,0.41430849629392347,0.44773255708473697,0.46962237334955537,,396.0,,4450.0,,,278000000,278000000
real,ner,hi,bho,google/muril-base-cased,few-shot,100,full,0.39,0.1964735516372796,0.26130653266331655,0.6031061259706644,1.9358962774276733,13.796582460403442,"{'gpu_name': 'NVIDIA GeForce RTX 3050 6GB Laptop GPU', 'vram_total_mb': 6143.5, 'pytorch_version': '2.6.0+cu124', 'cuda_version': '12.4'}",3730.0380859375,61.0,68.0,236971015,236971015
simulated,ner,bn,bho,google/muril-base-cased,few-shot,100,full,0.5094439473297232,0.4821051731482108,0.5137583648140047,0.5875755762245101,,782.0,,5342.0,,,278000000,278000000
simulated,ner,mr,bho,google/muril-base-cased,few-shot,100,full,0.42204610191095326,0.4857506367615305,0.44354359202571947,0.48687887588977746,,876.0,,4542.0,,,278000000,278000000
simulated,ner,multi,bho,google/muril-base-cased,multi-source,0,full,0.5373565042780883,0.5876933393942126,0.5789238980368567,0.6620108650297554,,793.0,,4585.0,,,278000000,278000000
simulated,ner,hi,bho,google/muril-base-cased,adapter,25,adapter,0.502425721709703,0.41881975912164243,0.4596023650251889,0.5392613973861942,,1167.0,,5457.0,,,8675581,278000000
simulated,ner,bn,bho,google/muril-base-cased,adapter,25,adapter,0.37769904792126957,0.39524780085428546,0.3865035930723708,0.4100956106713724,,408.0,,5670.0,,,7781137,278000000
simulated,ner,mr,bho,google/muril-base-cased,adapter,25,adapter,0.34351053191171727,0.37458661625156037,0.3607410130154229,0.4097938526051097,,336.0,,4535.0,,,4460498,278000000
simulated,ner,hi,bho,google/muril-base-cased,adapter,50,adapter,0.4366418103718683,0.5004172690387443,0.4751134531499956,0.5653900743714942,,992.0,,4258.0,,,8646362,278000000
simulated,ner,bn,bho,google/muril-base-cased,adapter,50,adapter,0.440644398139139,0.4752689466666525,0.4449842679652934,0.5406169714291504,,756.0,,5696.0,,,8763970,278000000
simulated,ner,mr,bho,google/muril-base-cased,adapter,50,adapter,0.4727775506930438,0.4140723319293588,0.43349015683366154,0.515390652455505,,505.0,,5120.0,,,6660032,278000000
simulated,ner,hi,bho,google/muril-base-cased,adapter,100,adapter,0.4763996562516534,0.5544636703168925,0.5205524643961406,0.5436713716172307,,403.0,,4534.0,,,6829363,278000000
simulated,ner,bn,bho,google/muril-base-cased,adapter,100,adapter,0.4119964515181329,0.47611813219001653,0.4535299493107255,0.5348595799116261,,415.0,,4436.0,,,9400458,278000000
simulated,ner,mr,bho,google/muril-base-cased,adapter,100,adapter,0.4866381113828299,0.478058476226903,0.46065975736237885,0.531080602528671,,1476.0,,5479.0,,,6086495,278000000
simulated,ner,hi,bho,google/muril-base-cased,lora,25,lora,0.4789398680255014,0.4059642271859559,0.4496167005685786,0.4776570538258547,,1166.0,,5260.0,,,6804057,278000000
simulated,ner,bn,bho,google/muril-base-cased,lora,25,lora,0.4037949222291883,0.404571474224349,0.4279177740767093,0.5108869117812925,,542.0,,5494.0,,,6212778,278000000
simulated,ner,mr,bho,google/muril-base-cased,lora,25,lora,0.39305630575298284,0.343850926201331,0.37760507075728184,0.42711503274183127,,447.0,,5347.0,,,7963564,278000000
simulated,ner,hi,bho,google/muril-base-cased,lora,50,lora,0.5399167011985327,0.47871317919059764,0.49882712502236004,0.5634324107004104,,323.0,,5313.0,,,8913329,278000000
simulated,ner,bn,bho,google/muril-base-cased,lora,50,lora,0.4201805121815451,0.4087353408181399,0.4272184886620963,0.493336882223486,,735.0,,4626.0,,,9414375,278000000
simulated,ner,mr,bho,google/muril-base-cased,lora,50,lora,0.4562060808807156,0.45812550546761666,0.43591939040682604,0.4853682327502949,,1176.0,,5582.0,,,7861955,278000000
real,ner,hi,bho,google/muril-base-cased,lora,100,lora,0.0,0.0,0.0,0.6522864538395168,1.9181102514266968,12.617830276489258,"{'gpu_name': 'NVIDIA GeForce RTX 3050 6GB Laptop GPU', 'vram_total_mb': 6143.5, 'pytorch_version': '2.6.0+cu124', 'cuda_version': '12.4'}",1109.0986328125,63.0,64.0,300295,237271310
simulated,ner,bn,bho,google/muril-base-cased,lora,100,lora,0.4793851914860457,0.5508746627143623,0.5014527311177644,0.5617500497738164,,996.0,,4518.0,,,7606076,278000000
simulated,ner,mr,bho,google/muril-base-cased,lora,100,lora,0.4213326764896668,0.41452471055210627,0.4333481717583231,0.531820162599553,,1095.0,,4638.0,,,8710437,278000000
real,ner,hi,mai,google/muril-base-cased,zero-shot,0,full,0.047619047619047616,0.07957559681697612,0.05958291956305859,0.04642857142857143,1.9567060470581055,7.337490558624268,"{'gpu_name': 'NVIDIA GeForce RTX 3050 6GB Laptop GPU', 'vram_total_mb': 6143.5, 'pytorch_version': '2.6.0+cu124', 'cuda_version': '12.4'}",1097.1767578125,62.0,66.0,236971015,236971015
real,ner,bn,mai,google/muril-base-cased,zero-shot,0,full,0.06696428571428571,0.1989389920424403,0.10020040080160321,0.07232142857142858,1.9584017992019653,7.121675491333008,"{'gpu_name': 'NVIDIA GeForce RTX 3050 6GB Laptop GPU', 'vram_total_mb': 6143.5, 'pytorch_version': '2.6.0+cu124', 'cuda_version': '12.4'}",1097.1767578125,62.0,66.0,236971015,236971015
real,ner,mr,mai,google/muril-base-cased,zero-shot,0,full,0.10841121495327102,0.3076923076923077,0.1603317208016586,0.06875,1.9527755975723267,6.935102224349976,"{'gpu_name': 'NVIDIA GeForce RTX 3050 6GB Laptop GPU', 'vram_total_mb': 6143.5, 'pytorch_version': '2.6.0+cu124', 'cuda_version': '12.4'}",1097.1767578125,62.0,67.0,236971015,236971015
simulated,ner,hi,mai,google/muril-base-cased,few-shot,25,full,0.4807857103817369,0.49355067079441695,0.48677444864138336,0.5537532817829143,,626.0,,5297.0,,,278000000,278000000
simulated,ner,bn,mai,google/muril-base-cased,few-shot,25,full,0.4016408296200803,0.4025636600155527,0.44267055234564506,0.5359188042415884,,1670.0,,5144.0,,,278000000,278000000
simulated,ner,mr,mai,google/muril-base-cased,few-shot,25,full,0.42169037044721486,0.4003908198190134,0.41927209478563665,0.46910857475529416,,1693.0,,4357.0,,,278000000,278000000
simulated,ner,hi,mai,google/muril-base-cased,few-shot,50,full,0.5384088260138036,0.4987532532196647,0.5346330184639605,0.5720592181816241,,482.0,,5624.0,,,278000000,278000000
simulated,ner,bn,mai,google/muril-base-cased,few-shot,50,full,0.5115710011639618,0.4952086727815834,0.5149693182826311,0.6074578660641906,,802.0,,4913.0,,,278000000,278000000
simulated,ner,mr,mai,google/muril-base-cased,few-shot,50,full,0.42582919770263566,0.42496171950988804,0.411862541829337,0.4568299028939185,,574.0,,5630.0,,,278000000,278000000
real,ner,hi,mai,google/muril-base-cased,few-shot,100,full,0.35584415584415585,0.363395225464191,0.35958005249343833,0.7330357142857142,1.9235420227050781,12.773601293563843,"{'gpu_name': 'NVIDIA GeForce RTX 3050 6GB Laptop GPU', 'vram_total_mb': 6143.5, 'pytorch_version': '2.6.0+cu124', 'cuda_version': '12.4'}",3730.03515625,64.0,72.0,236971015,236971015
simulated,ner,bn,mai,google/muril-base-cased,few-shot,100,full,0.5043712446958265,0.571913671705534,0.5286421838813299,0.5490918415522915,,1425.0,,4839.0,,,278000000,278000000
simulated,ner,mr,mai,google/muril-base-cased,few-shot,100,full,0.5048245000984822,0.5224692336980924,0.49255272536826794,0.5530860797941533,,1458.0,,5352.0,,,278000000,278000000
simulated,ner,multi,mai,google/muril-base-cased,multi-source,0,full,0.6498478266848996,0.6406548814607418,0.6245285985900858,0.682819657945885,,549.0,,4299.0,,,278000000,278000000
simulated,ner,hi,mai,google/muril-base-cased,adapter,25,adapter,0.44187988643937176,0.4776514157915635,0.46914746174389615,0.5251261646511447,,1489.0,,4077.0,,,5892393,278000000
simulated,ner,bn,mai,google/muril-base-cased,adapter,25,adapter,0.4613873920052287,0.47969580705138437,0.43799766776100957,0.4779057058144981,,411.0,,5036.0,,,8017167,278000000
simulated,ner,mr,mai,google/muril-base-cased,adapter,25,adapter,0.3954642196976027,0.3875321184616953,0.3895622690327216,0.46028187934021136,,1339.0,,4495.0,,,9704504,278000000
simulated,ner,hi,mai,google/muril-base-cased,adapter,50,adapter,0.4336570524101536,0.48303496138942537,0.4657651984758163,0.5421586496280839,,1293.0,,5435.0,,,7898725,278000000
simulated,ner,bn,mai,google/muril-base-cased,adapter,50,adapter,0.5097251532536131,0.4629734872503051,0.4739774771684683,0.5571522251084949,,618.0,,4512.0,,,9016911,278000000
simulated,ner,mr,mai,google/muril-base-cased,adapter,50,adapter,0.414725220088869,0.4391060385368916,0.4114428003710924,0.45048138487728523,,1151.0,,4836.0,,,9041862,278000000
simulated,ner,hi,mai,google/muril-base-cased,adapter,100,adapter,0.5924606305371213,0.4968028160285766,0.5455929420712401,0.5788529773729683,,941.0,,4210.0,,,8123700,278000000
simulated,ner,bn,mai,google/muril-base-cased,adapter,100,adapter,0.4870433353332405,0.49000604603948944,0.528691705733338,0.5931655791695968,,1624.0,,4255.0,,,10216431,278000000
simulated,ner,mr,mai,google/muril-base-cased,adapter,100,adapter,0.4887429351616121,0.4366661138417142,0.46957609370997005,0.49933460755295,,933.0,,5729.0,,,9269684,278000000
simulated,ner,hi,mai,google/muril-base-cased,lora,25,lora,0.49126457415308533,0.5113583356309219,0.47300251650159314,0.5439717751086642,,1685.0,,4403.0,,,6143824,278000000
simulated,ner,bn,mai,google/muril-base-cased,lora,25,lora,0.42256684909383035,0.40322205665287186,0.44602076738483754,0.5394301535036211,,1059.0,,4410.0,,,7551264,278000000
simulated,ner,mr,mai,google/muril-base-cased,lora,25,lora,0.4277856081190628,0.453004600594005,0.4185612496011001,0.47819014796706605,,796.0,,4633.0,,,7684064,278000000
simulated,ner,hi,mai,google/muril-base-cased,lora,50,lora,0.425574337596122,0.4345867178516132,0.4721982841938802,0.5243072534242901,,560.0,,4617.0,,,8660560,278000000
simulated,ner,bn,mai,google/muril-base-cased,lora,50,lora,0.4921285513993592,0.5447667687756942,0.5073212738830443,0.5341170532681694,,1517.0,,5609.0,,,6334178,278000000
simulated,ner,mr,mai,google/muril-base-cased,lora,50,lora,0.39976862035428123,0.4466845866851435,0.42227876248988433,0.4991321026471224,,1148.0,,5722.0,,,10731576,278000000
real,ner,hi,mai,google/muril-base-cased,lora,100,lora,0.13392857142857142,0.3978779840848806,0.20040080160320642,0.13660714285714284,1.9359016418457031,11.439074754714966,"{'gpu_name': 'NVIDIA GeForce RTX 3050 6GB Laptop GPU', 'vram_total_mb': 6143.5, 'pytorch_version': '2.6.0+cu124', 'cuda_version': '12.4'}",1108.8173828125,66.0,69.0,300295,237271310
simulated,ner,bn,mai,google/muril-base-cased,lora,100,lora,0.4820952078128912,0.5368720903391407,0.5335043125706947,0.5542203194210448,,1265.0,,5218.0,,,7331779,278000000
simulated,ner,mr,mai,google/muril-base-cased,lora,100,lora,0.41065542570112584,0.4593466466163543,0.43289122296069227,0.5308328651656876,,1602.0,,4973.0,,,10232390,278000000
real,pos,hi,bho,google/muril-base-cased,zero-shot,0,full,0.0,0.0,0.0,0.0,2.830625057220459,6.919815540313721,"{'gpu_name': 'NVIDIA GeForce RTX 3050 6GB Laptop GPU', 'vram_total_mb': 6143.5, 'pytorch_version': '2.6.0+cu124', 'cuda_version': '12.4'}",1097.13427734375,65.0,70.0,236978705,236978705
real,pos,bn,bho,google/muril-base-cased,zero-shot,0,full,0.0,0.0,0.0,0.0,2.8373968601226807,6.63263201713562,"{'gpu_name': 'NVIDIA GeForce RTX 3050 6GB Laptop GPU', 'vram_total_mb': 6143.5, 'pytorch_version': '2.6.0+cu124', 'cuda_version': '12.4'}",1097.13427734375,65.0,71.0,236978705,236978705
real,pos,mr,bho,google/muril-base-cased,zero-shot,0,full,0.03368929570302568,0.10259388308168796,0.050722557182505505,0.2567829457364341,2.830148935317993,6.472272634506226,"{'gpu_name': 'NVIDIA GeForce RTX 3050 6GB Laptop GPU', 'vram_total_mb': 6143.5, 'pytorch_version': '2.6.0+cu124', 'cuda_version': '12.4'}",1097.13427734375,65.0,70.0,236978705,236978705
simulated,pos,hi,bho,google/muril-base-cased,few-shot,25,full,0.6171892066025054,0.6388806583150487,0.6198528728821115,0.7080847720699246,,875.0,,5751.0,,,278000000,278000000
simulated,pos,bn,bho,google/muril-base-cased,few-shot,25,full,0.5126844934733306,0.51679413356249,0.5198729533930845,0.5453372683536422,,443.0,,4988.0,,,278000000,278000000
simulated,pos,mr,bho,google/muril-base-cased,few-shot,25,full,0.5162010311033653,0.46814231020961666,0.49439594955389843,0.5384057223289767,,518.0,,4640.0,,,278000000,278000000
simulated,pos,hi,bho,google/muril-base-cased,few-shot,50,full,0.6915898141537395,0.6337146605526963,0.6517842290002352,0.7403699227648792,,1661.0,,4613.0,,,278000000,278000000
simulated,pos,bn,bho,google/muril-base-cased,few-shot,50,full,0.5813648900682988,0.5307341614095402,0.5350212642895038,0.6349660175754115,,1413.0,,5755.0,,,278000000,278000000
simulated,pos,mr,bho,google/muril-base-cased,few-shot,50,full,0.5558868543350958,0.5052357248048077,0.5462787525573412,0.6224433384134833,,922.0,,5024.0,,,278000000,278000000
real,pos,hi,bho,google/muril-base-cased,few-shot,100,full,0.03739188290086494,0.10878823073945025,0.055654585066349765,0.27228682170542634,2.831350088119507,13.083915710449219,"{'gpu_name': 'NVIDIA GeForce RTX 3050 6GB Laptop GPU', 'vram_total_mb': 6143.5, 'pytorch_version': '2.6.0+cu124', 'cuda_version': '12.4'}",3730.1025390625,66.0,75.0,236978705,236978705
simulated,pos,bn,bho,google/muril-base-cased,few-shot,100,full,0.6220007366268884,0.5553005620282653,0.6063610523459922,0.6528606294757942,,1566.0,,4228.0,,,278000000,278000000
simulated,pos,mr,bho,google/muril-base-cased,few-shot,100,full,0.5661003325368862,0.5672250996201249,0.5527897309764589,0.6199201256791851,,367.0,,5661.0,,,278000000,278000000
simulated,pos,multi,bho,google/muril-base-cased,multi-source,0,full,0.7192566802611499,0.8269163699641563,0.760943395861547,0.8470062127963021,,1549.0,,5082.0,,,278000000,278000000
simulated,pos,hi,bho,google/muril-base-cased,adapter,25,adapter,0.6223441165580084,0.6427630874907518,0.5925672222087718,0.6427650007404894,,492.0,,4274.0,,,9768818,278000000
simulated,pos,bn,bho,google/muril-base-cased,adapter,25,adapter,0.5215077782648054,0.5006103721216993,0.4851753032759096,0.5797552797975837,,1304.0,,5100.0,,,7275787,278000000
simulated,pos,mr,bho,google/muril-base-cased,adapter,25,adapter,0.49523439864718655,0.43625622070397524,0.46063049279004564,0.5004391042359758,,932.0,,5521.0,,,10296408,278000000
simulated,pos,hi,bho,google/muril-base-cased,adapter,50,adapter,0.6153215744766894,0.646677293987222,0.614909007678354,0.6575681394549242,,1725.0,,4680.0,,,8032662,278000000
simulated,pos,bn,bho,google/muril-base-cased,adapter,50,adapter,0.5411603845350065,0.5646999562559254,0.5360918716223995,0.5961758473451434,,484.0,,5258.0,,,8989444,278000000
simulated,pos,mr,bho,google/muril-base-cased,adapter,50,adapter,0.4416868444180418,0.4533708567729602,0.48633189532953763,0.5444128449149579,,782.0,,4144.0,,,10173326,278000000
simulated,pos,hi,bho,google/muril-base-cased,adapter,100,adapter,0.7021036833696566,0.7017177489085147,0.6693152186888881,0.7116220338653567,,1013.0,,5342.0,,,6750923,278000000
simulated,pos,bn,bho,google/muril-base-cased,adapter,100,adapter,0.5714921743437922,0.5127681521419402,0.5651513595368428,0.6186309445303968,,897.0,,4563.0,,,11114851,278000000
simulated,pos,mr,bho,google/muril-base-cased,adapter,100,adapter,0.560765808607091,0.49940410662805995,0.5170941912592455,0.5491007497873854,,647.0,,5453.0,,,4872828,278000000
simulated,pos,hi,bho,google/muril-base-cased,lora,25,lora,0.5354257686698563,0.583377956700856,0.5656546419750331,0.6428045900714688,,813.0,,4744.0,,,6608274,278000000
simulated,pos,bn,bho,google/muril-base-cased,lora,25,lora,0.5244716046994472,0.5353979470657315,0.5112081602541348,0.6080881189746378,,505.0,,4805.0,,,9277954,278000000
simulated,pos,mr,bho,google/muril-base-cased,lora,25,lora,0.5095665059402903,0.5200884266678036,0.4910434771318838,0.5584292222893242,,1454.0,,4187.0,,,9097153,278000000
simulated,pos,hi,bho,google/muril-base-cased,lora,50,lora,0.5857610638253684,0.6365238288007424,0.6250267893991688,0.6672243221014748,,768.0,,4021.0,,,7208217,278000000
simulated,pos,bn,bho,google/muril-base-cased,lora,50,lora,0.5268947522833196,0.5316024389702458,0.5424171285336695,0.6023284546215114,,1147.0,,5484.0,,,8284811,278000000
simulated,pos,mr,bho,google/muril-base-cased,lora,50,lora,0.5265521455323409,0.528319416398078,0.4934200670557142,0.5814141591699399,,1202.0,,4617.0,,,10174994,278000000
real,pos,hi,bho,google/muril-base-cased,lora,100,lora,0.027685492801771874,0.14285714285714285,0.04638218923933209,0.1937984496124031,2.8131465911865234,12.185330629348755,"{'gpu_name': 'NVIDIA GeForce RTX 3050 6GB Laptop GPU', 'vram_total_mb': 6143.5, 'pytorch_version': '2.6.0+cu124', 'cuda_version': '12.4'}",1108.33544921875,66.0,70.0,307985,237286690
simulated,pos,bn,bho,google/muril-base-cased,lora,100,lora,0.6143188450746843,0.5653178157388962,0.579184655170132,0.6706006661804013,,1072.0,,4485.0,,,9764202,278000000
simulated,pos,mr,bho,google/muril-base-cased,lora,100,lora,0.540198025428705,0.5957378508488136,0.589924005318183,0.6336784080882829,,1172.0,,4157.0,,,5532012,278000000
real,pos,hi,mai,google/muril-base-cased,zero-shot,0,full,0.007593457943925233,0.09154929577464789,0.014023732470334413,0.06378802747791953,2.8313896656036377,7.345599889755249,"{'gpu_name': 'NVIDIA GeForce RTX 3050 6GB Laptop GPU', 'vram_total_mb': 6143.5, 'pytorch_version': '2.6.0+cu124', 'cuda_version': '12.4'}",1097.18701171875,56.0,61.0,236978705,236978705
real,pos,bn,mai,google/muril-base-cased,zero-shot,0,full,0.007772304324028461,0.1111111111111111,0.014528340495191324,0.06967615309126594,2.8364269733428955,6.2672693729400635,"{'gpu_name': 'NVIDIA GeForce RTX 3050 6GB Laptop GPU', 'vram_total_mb': 6143.5, 'pytorch_version': '2.6.0+cu124', 'cuda_version': '12.4'}",1097.18701171875,56.0,62.0,236978705,236978705
real,pos,mr,mai,google/muril-base-cased,zero-shot,0,full,0.0,0.0,0.0,0.0,2.835188627243042,6.921126365661621,"{'gpu_name': 'NVIDIA GeForce RTX 3050 6GB Laptop GPU', 'vram_total_mb': 6143.5, 'pytorch_version': '2.6.0+cu124', 'cuda_version': '12.4'}",1097.18701171875,57.0,62.0,236978705,236978705
simulated,pos,hi,mai,google/muril-base-cased,few-shot,25,full,0.6053013480646795,0.608612784996721,0.5794685279668346,0.6618185119491834,,1028.0,,4133.0,,,278000000,278000000
simulated,pos,bn,mai,google/muril-base-cased,few-shot,25,full,0.5698440567163028,0.6038231546215189,0.5819696522333064,0.6527840896325368,,717.0,,4320.0,,,278000000,278000000
simulated,pos,mr,mai,google/muril-base-cased,few-shot,25,full,0.5006051407343999,0.5028563275730336,0.5110687202042519,0.5830160866324833,,1655.0,,4277.0,,,278000000,278000000
simulated,pos,hi,mai,google/muril-base-cased,few-shot,50,full,0.6306155004656526,0.5760740605963504,0.6039429790493565,0.6253156288369487,,867.0,,4376.0,,,278000000,278000000
simulated,pos,bn,mai,google/muril-base-cased,few-shot,50,full,0.5671322700090276,0.673719979319939,0.6267513180533402,0.673483332833081,,611.0,,4557.0,,,278000000,278000000
simulated,pos,mr,mai,google/muril-base-cased,few-shot,50,full,0.5647543846576388,0.5726815461834649,0.547519444728094,0.5750537684171194,,1647.0,,4300.0,,,278000000,278000000
real,pos,hi,mai,google/muril-base-cased,few-shot,100,full,0.061020960108181206,0.11202938475665748,0.052953074854714205,0.2904808635917566,2.819434881210327,12.812100172042847,"{'gpu_name': 'NVIDIA GeForce RTX 3050 6GB Laptop GPU', 'vram_total_mb': 6143.5, 'pytorch_version': '2.6.0+cu124', 'cuda_version': '12.4'}",3730.1083984375,69.0,77.0,236978705,236978705
simulated,pos,bn,mai,google/muril-base-cased,few-shot,100,full,0.6886602354203484,0.6578859221412802,0.678016620213122,0.742199458543992,,1008.0,,4731.0,,,278000000,278000000
simulated,pos,mr,mai,google/muril-base-cased,few-shot,100,full,0.5668425713792564,0.5864269900586255,0.5573460568543833,0.6024103099019046,,418.0,,4689.0,,,278000000,278000000
simulated,pos,multi,mai,google/muril-base-cased,multi-source,0,full,0.7277759734736178,0.8282465242567205,0.7605842975610297,0.8268949907955339,,481.0,,4692.0,,,278000000,278000000
simulated,pos,hi,mai,google/muril-base-cased,adapter,25,adapter,0.5862897129946377,0.5820418321904407,0.5650630941152319,0.5897015915548643,,617.0,,4786.0,,,9512997,278000000
simulated,pos,bn,mai,google/muril-base-cased,adapter,25,adapter,0.49738016277380703,0.49471464871450843,0.5374832977674469,0.6187516774881423,,1372.0,,5358.0,,,10588271,278000000
simulated,pos,mr,mai,google/muril-base-cased,adapter,25,adapter,0.43536745705603247,0.4833896291152164,0.4836385943127436,0.5327379710217842,,1036.0,,4284.0,,,6300459,278000000
simulated,pos,hi,mai,google/muril-base-cased,adapter,50,adapter,0.6127651081957005,0.6134963075428259,0.5712697299208691,0.6412377565050156,,1458.0,,5363.0,,,5671723,278000000
simulated,pos,bn,mai,google/muril-base-cased,adapter,50,adapter,0.5704257284329195,0.5394442904367074,0.5840602959522971,0.6094039940814564,,522.0,,4711.0,,,10111055,278000000
simulated,pos,mr,mai,google/muril-base-cased,adapter,50,adapter,0.4918185723437949,0.5176391834997819,0.4853825620707582,0.5496288547179045,,402.0,,5149.0,,,7202417,278000000
simulated,pos,hi,mai,google/muril-base-cased,adapter,100,adapter,0.5922084392264197,0.6128708564473325,0.6397081999343345,0.6957340122261835,,347.0,,4014.0,,,7671888,278000000
simulated,pos,bn,mai,google/muril-base-cased,adapter,100,adapter,0.6641492014139557,0.6312720583860808,0.6559582583631864,0.677210853276984,,1146.0,,4738.0,,,10673170,278000000
simulated,pos,mr,mai,google/muril-base-cased,adapter,100,adapter,0.6243622070488877,0.5267937172128252,0.5725037032055414,0.6677419723638445,,1338.0,,5424.0,,,6123413,278000000
simulated,pos,hi,mai,google/muril-base-cased,lora,25,lora,0.6243201664692146,0.5983105438969386,0.6014261147442209,0.6705602252142356,,963.0,,5619.0,,,6783169,278000000
simulated,pos,bn,mai,google/muril-base-cased,lora,25,lora,0.5101091684797221,0.5669080249079613,0.544415832532669,0.5665164227021415,,1545.0,,5036.0,,,7234155,278000000
simulated,pos,mr,mai,google/muril-base-cased,lora,25,lora,0.4553810201714162,0.43006778307580246,0.4645165458826395,0.486696190863561,,890.0,,4228.0,,,9305680,278000000
simulated,pos,hi,mai,google/muril-base-cased,lora,50,lora,0.590936897847101,0.6160099203458708,0.6330722762075345,0.7290434554601986,,408.0,,4656.0,,,9285703,278000000
simulated,pos,bn,mai,google/muril-base-cased,lora,50,lora,0.5994668425953255,0.5200780510103726,0.5657173658678597,0.6090877094430485,,1560.0,,5576.0,,,10076372,278000000
simulated,pos,mr,mai,google/muril-base-cased,lora,50,lora,0.49152841578561224,0.45495611428091975,0.4995131642843349,0.5701307294540566,,731.0,,4547.0,,,10116938,278000000
real,pos,hi,mai,google/muril-base-cased,lora,100,lora,0.028038693396887703,0.14285714285714285,0.04687683112621587,0.19627085377821393,2.8096988201141357,12.491692066192627,"{'gpu_name': 'NVIDIA GeForce RTX 3050 6GB Laptop GPU', 'vram_total_mb': 6143.5, 'pytorch_version': '2.6.0+cu124', 'cuda_version': '12.4'}",1108.919921875,68.0,70.0,307985,237286690
simulated,pos,bn,mai,google/muril-base-cased,lora,100,lora,0.6476658792230013,0.6544453539194882,0.6648763378715847,0.7523475716162149,,1296.0,,5109.0,,,4861715,278000000
simulated,pos,mr,mai,google/muril-base-cased,lora,100,lora,0.5210115087407575,0.5102724956526522,0.5454113421554367,0.5807122876892366,,1545.0,,5745.0,,,6779093,278000000
real,sentiment,hi,bho,google/muril-base-cased,zero-shot,0,full,0.10833333333333334,0.3333333333333333,0.16352201257861634,0.325,1.098598599433899,6.827693223953247,"{'gpu_name': 'NVIDIA GeForce RTX 3050 6GB Laptop GPU', 'vram_total_mb': 6143.5, 'pytorch_version': '2.6.0+cu124', 'cuda_version': '12.4'}",1100.92724609375,62.0,67.0,237558531,237558531
real,sentiment,bn,bho,google/muril-base-cased,zero-shot,0,full,0.33159134935091217,0.3406593406593407,0.31226915990152054,0.335,1.0986230373382568,6.622419595718384,"{'gpu_name': 'NVIDIA GeForce RTX 3050 6GB Laptop GPU', 'vram_total_mb': 6143.5, 'pytorch_version': '2.6.0+cu124', 'cuda_version': '12.4'}",1100.92724609375,63.0,67.0,237558531,237558531
real,sentiment,mr,bho,google/muril-base-cased,zero-shot,0,full,0.11666666666666665,0.3333333333333333,0.1728395061728395,0.35,1.098364233970642,6.8757476806640625,"{'gpu_name': 'NVIDIA GeForce RTX 3050 6GB Laptop GPU', 'vram_total_mb': 6143.5, 'pytorch_version': '2.6.0+cu124', 'cuda_version': '12.4'}",1100.92724609375,62.0,67.0,237558531,237558531
simulated,sentiment,hi,bho,google/muril-base-cased,few-shot,25,full,0.7408579003516054,0.754932288499772,0.7338407610144803,0.7992864644070069,,1384.0,,4017.0,,,278000000,278000000
simulated,sentiment,bn,bho,google/muril-base-cased,few-shot,25,full,0.6232724829447704,0.5746783664258974,0.6320438888842468,0.6895949696421677,,1058.0,,4048.0,,,278000000,278000000
simulated,sentiment,mr,bho,google/muril-base-cased,few-shot,25,full,0.5746440074676001,0.610212297372583,0.6112677232639263,0.6638780060821948,,1722.0,,5279.0,,,278000000,278000000
simulated,sentiment,hi,bho,google/muril-base-cased,few-shot,50,full,0.7648071255067194,0.7978461702496445,0.7436941889569011,0.8204829678506659,,413.0,,5350.0,,,278000000,278000000
simulated,sentiment,bn,bho,google/muril-base-cased,few-shot,50,full,0.6902121475542888,0.6457450810819072,0.6729953692516563,0.7086695837315468,,999.0,,4040.0,,,278000000,278000000
simulated,sentiment,mr,bho,google/muril-base-cased,few-shot,50,full,0.5534969210676347,0.6360864801473354,0.5894643575260483,0.6347365852205887,,1058.0,,4046.0,,,278000000,278000000
real,sentiment,hi,bho,google/muril-base-cased,few-shot,100,full,0.10833333333333334,0.3333333333333333,0.16352201257861634,0.325,1.0985254049301147,12.802541971206665,"{'gpu_name': 'NVIDIA GeForce RTX 3050 6GB Laptop GPU', 'vram_total_mb': 6143.5, 'pytorch_version': '2.6.0+cu124', 'cuda_version': '12.4'}",3739.16015625,50.0,58.0,237558531,237558531
simulated,sentiment,bn,bho,google/muril-base-cased,few-shot,100,full,0.7037203026857536,0.7310953264625476,0.711287648358453,0.7711049850067981,,877.0,,5574.0,,,278000000,278000000
simulated,sentiment,mr,bho,google/muril-base-cased,few-shot,100,full,0.6747524811748481,0.6343804731899607,0.6643426739723809,0.727176973421193,,649.0,,4963.0,,,278000000,278000000
simulated,sentiment,multi,bho,google/muril-base-cased,multi-source,0,full,0.7652553886828318,0.789230497967566,0.8492636120616583,0.9074551063216467,,1125.0,,4997.0,,,278000000,278000000
simulated,sentiment,hi,bho,google/muril-base-cased,adapter,25,adapter,0.7353520807665175,0.7439491163429006,0.6860144772941663,0.7576016366512242,,331.0,,5325.0,,,8645760,278000000
simulated,sentiment,bn,bho,google/muril-base-cased,adapter,25,adapter,0.5450499839527745,0.5590557883770207,0.5740375801183971,0.6120955119684971,,984.0,,5050.0,,,4998794,278000000
simulated,sentiment,mr,bho,google/muril-base-cased,adapter,25,adapter,0.5599099010051519,0.5287063628374271,0.5321127435431698,0.6188359059389006,,469.0,,4539.0,,,8491713,278000000
simulated,sentiment,hi,bho,google/muril-base-cased,adapter,50,adapter,0.7352450155871944,0.6951654440458528,0.7049615919428167,0.7637820671619677,,808.0,,5743.0,,,5139601,278000000
simulated,sentiment,bn,bho,google/muril-base-cased,adapter,50,adapter,0.5479063413354824,0.6332001212735883,0.6033645705964136,0.6957816240890584,,804.0,,4020.0,,,7935060,278000000
simulated,sentiment,mr,bho,google/muril-base-cased,adapter,50,adapter,0.6475962038637548,0.5647179213621016,0.6011963670578219,0.6367323956396858,,1755.0,,5217.0,,,5189453,278000000
simulated,sentiment,hi,bho,google/muril-base-cased,adapter,100,adapter,0.8453882219765305,0.7401848229102516,0.7887511012524362,0.8568118714674333,,1145.0,,4955.0,,,6445493,278000000
simulated,sentiment,bn,bho,google/muril-base-cased,adapter,100,adapter,0.6740995636802631,0.6806643097841991,0.6739204089489621,0.6986955611283457,,350.0,,4460.0,,,10806842,278000000
simulated,sentiment,mr,bho,google/muril-base-cased,adapter,100,adapter,0.6338762944916443,0.5875256307859409,0.6216972437514952,0.6888379183086873,,808.0,,5450.0,,,4703487,278000000
simulated,sentiment,hi,bho,google/muril-base-cased,lora,25,lora,0.6150510760670975,0.6188449509388885,0.682490056904574,0.7404144576578466,,317.0,,4999.0,,,7244121,278000000
simulated,sentiment,bn,bho,google/muril-base-cased,lora,25,lora,0.625588052029967,0.5748409055892152,0.5739430141571711,0.6388287135235262,,525.0,,5230.0,,,8688409,278000000
simulated,sentiment,mr,bho,google/muril-base-cased,lora,25,lora,0.5996870400286521,0.57744191011371,0.5695657760328501,0.5978641533420072,,1579.0,,5639.0,,,8191917,278000000
simulated,sentiment,hi,bho,google/muril-base-cased,lora,50,lora,0.7534391931329457,0.7674615057929849,0.7124151863602225,0.8077656412005808,,1271.0,,4585.0,,,9429756,278000000
simulated,sentiment,bn,bho,google/muril-base-cased,lora,50,lora,0.5947776575666602,0.6003694143464359,0.6507783054958389,0.7120735566513923,,608.0,,5569.0,,,7478563,278000000
simulated,sentiment,mr,bho,google/muril-base-cased,lora,50,lora,0.6375837335502499,0.5361311635859463,0.5947526215446058,0.6267029478054865,,1763.0,,4222.0,,,7632483,278000000
real,sentiment,hi,bho,google/muril-base-cased,lora,100,lora,0.10833333333333334,0.3333333333333333,0.16352201257861634,0.325,1.098911166191101,12.6470627784729,"{'gpu_name': 'NVIDIA GeForce RTX 3050 6GB Laptop GPU', 'vram_total_mb': 6143.5, 'pytorch_version': '2.6.0+cu124', 'cuda_version': '12.4'}",1111.8037109375,55.0,57.0,297219,237855750
simulated,sentiment,bn,bho,google/muril-base-cased,lora,100,lora,0.7192854804761801,0.6515433530541479,0.7216886197552262,0.8119427012252537,,1753.0,,5405.0,,,8209415,278000000
simulated,sentiment,mr,bho,google/muril-base-cased,lora,100,lora,0.6977523002961972,0.6426934950474636,0.6630651633564167,0.7182729977632495,,383.0,,4160.0,,,5509336,278000000
real,sentiment,hi,mai,google/muril-base-cased,zero-shot,0,full,0.11,0.3333333333333333,0.16541353383458646,0.33,1.0986034870147705,6.299538850784302,"{'gpu_name': 'NVIDIA GeForce RTX 3050 6GB Laptop GPU', 'vram_total_mb': 6143.5, 'pytorch_version': '2.6.0+cu124', 'cuda_version': '12.4'}",1100.9140625,66.0,72.0,237558531,237558531
real,sentiment,bn,mai,google/muril-base-cased,zero-shot,0,full,0.11,0.3333333333333333,0.16541353383458646,0.33,1.0987988710403442,6.969733715057373,"{'gpu_name': 'NVIDIA GeForce RTX 3050 6GB Laptop GPU', 'vram_total_mb': 6143.5, 'pytorch_version': '2.6.0+cu124', 'cuda_version': '12.4'}",1100.9140625,66.0,72.0,237558531,237558531
real,sentiment,mr,mai,google/muril-base-cased,zero-shot,0,full,0.11,0.3333333333333333,0.16541353383458646,0.33,1.098447322845459,6.4299139976501465,"{'gpu_name': 'NVIDIA GeForce RTX 3050 6GB Laptop GPU', 'vram_total_mb': 6143.5, 'pytorch_version': '2.6.0+cu124', 'cuda_version': '12.4'}",1100.9140625,66.0,71.0,237558531,237558531
simulated,sentiment,hi,mai,google/muril-base-cased,few-shot,25,full,0.6168670244394833,0.7079635544652695,0.6745748807064205,0.7075182462120572,,689.0,,5208.0,,,278000000,278000000
simulated,sentiment,bn,mai,google/muril-base-cased,few-shot,25,full,0.6611645773206637,0.7554779160620404,0.6949228861754755,0.7472227122698701,,1546.0,,5042.0,,,278000000,278000000
simulated,sentiment,mr,mai,google/muril-base-cased,few-shot,25,full,0.6280465220285032,0.6264175609344048,0.587171316126349,0.6363284075750314,,513.0,,4219.0,,,278000000,278000000
simulated,sentiment,hi,mai,google/muril-base-cased,few-shot,50,full,0.7268521553703682,0.7965954783530704,0.7549310336500272,0.7808296960823675,,555.0,,4844.0,,,278000000,278000000
simulated,sentiment,bn,mai,google/muril-base-cased,few-shot,50,full,0.686771472545616,0.6694365334498726,0.7289451265141744,0.8118118383374019,,813.0,,4895.0,,,278000000,278000000
simulated,sentiment,mr,mai,google/muril-base-cased,few-shot,50,full,0.6549108507373335,0.6699308515256588,0.6184910749061191,0.702000485192954,,307.0,,4779.0,,,278000000,278000000
real,sentiment,hi,mai,google/muril-base-cased,few-shot,100,full,0.09833333333333333,0.3333333333333333,0.15186615186615185,0.295,1.0985596179962158,12.85407829284668,"{'gpu_name': 'NVIDIA GeForce RTX 3050 6GB Laptop GPU', 'vram_total_mb': 6143.5, 'pytorch_version': '2.6.0+cu124', 'cuda_version': '12.4'}",3739.1572265625,60.0,67.0,237558531,237558531
simulated,sentiment,bn,mai,google/muril-base-cased,few-shot,100,full,0.7250367407287716,0.8365694621250958,0.7897285958797385,0.8390898012435112,,825.0,,5320.0,,,278000000,278000000
simulated,sentiment,mr,mai,google/muril-base-cased,few-shot,100,full,0.5938850225539598,0.6546943936007958,0.6517385113099892,0.6722530176057502,,1270.0,,5502.0,,,278000000,278000000
simulated,sentiment,multi,mai,google/muril-base-cased,multi-source,0,full,0.8664416157210777,0.8095225919282061,0.8716938418840234,0.9416707532078236,,411.0,,4119.0,,,278000000,278000000
simulated,sentiment,hi,mai,google/muril-base-cased,adapter,25,adapter,0.685282419083418,0.6508302984236176,0.6464992705388105,0.6793500675226452,,981.0,,5135.0,,,10739503,278000000
simulated,sentiment,bn,mai,google/muril-base-cased,adapter,25,adapter,0.7311673961455404,0.677613323076842,0.6739151901659335,0.7314939566763692,,1687.0,,4172.0,,,6608958,278000000
simulated,sentiment,mr,mai,google/muril-base-cased,adapter,25,adapter,0.5683413288851817,0.5393958042678505,0.5359006681334098,0.6038683128671398,,1433.0,,4145.0,,,4832379,278000000
simulated,sentiment,hi,mai,google/muril-base-cased,adapter,50,adapter,0.7533238522374113,0.6547950110284123,0.7244811349732533,0.7508941098775836,,1415.0,,5384.0,,,6508088,278000000
simulated,sentiment,bn,mai,google/muril-base-cased,adapter,50,adapter,0.6639164045159447,0.6634744651474423,0.6860142763354868,0.7501682210825332,,444.0,,4223.0,,,10240564,278000000
simulated,sentiment,mr,mai,google/muril-base-cased,adapter,50,adapter,0.5470469608027897,0.5737824348675409,0.5919901472979524,0.6694864706385765,,934.0,,4864.0,,,8407607,278000000
simulated,sentiment,hi,mai,google/muril-base-cased,adapter,100,adapter,0.7490628981525216,0.7407197111145242,0.769694477502049,0.7962322679390429,,1059.0,,5247.0,,,8075957,278000000
simulated,sentiment,bn,mai,google/muril-base-cased,adapter,100,adapter,0.6808286524514003,0.7820171206017054,0.7418131271205426,0.8045357616157538,,1748.0,,5169.0,,,6366404,278000000
simulated,sentiment,mr,mai,google/muril-base-cased,adapter,100,adapter,0.6166359866904332,0.5672286483394263,0.6244606305709192,0.6790303471459457,,586.0,,4326.0,,,10230564,278000000
simulated,sentiment,hi,mai,google/muril-base-cased,lora,25,lora,0.6016182594669925,0.7002455605680259,0.6655160421362484,0.7233744188869595,,736.0,,4724.0,,,8963809,278000000
simulated,sentiment,bn,mai,google/muril-base-cased,lora,25,lora,0.633173751406062,0.5889286861186364,0.6338795471604975,0.6872097477367869,,1675.0,,4125.0,,,9656355,278000000
simulated,sentiment,mr,mai,google/muril-base-cased,lora,25,lora,0.5561772745858756,0.6089451691359978,0.555882638943465,0.6362006426906448,,481.0,,4217.0,,,5237090,278000000
simulated,sentiment,hi,mai,google/muril-base-cased,lora,50,lora,0.6487895486218984,0.7404506514998012,0.6961221812205681,0.7880101213799269,,819.0,,4712.0,,,7770626,278000000
simulated,sentiment,bn,mai,google/muril-base-cased,lora,50,lora,0.6375702155629207,0.713381193124747,0.7055169125963844,0.7590992099349962,,635.0,,4039.0,,,6269444,278000000
simulated,sentiment,mr,mai,google/muril-base-cased,lora,50,lora,0.5298117168192451,0.6287917617880714,0.5741008274470966,0.6485250117598268,,890.0,,4629.0,,,8866157,278000000
real,sentiment,hi,mai,google/muril-base-cased,lora,100,lora,0.125,0.3333333333333333,0.1818181818181818,0.375,1.09814453125,12.380798578262329,"{'gpu_name': 'NVIDIA GeForce RTX 3050 6GB Laptop GPU', 'vram_total_mb': 6143.5, 'pytorch_version': '2.6.0+cu124', 'cuda_version': '12.4'}",1111.5068359375,61.0,63.0,297219,237855750
simulated,sentiment,bn,mai,google/muril-base-cased,lora,100,lora,0.6934887664972864,0.7812144986615024,0.7521506724073487,0.8107192320942486,,1683.0,,4223.0,,,5663628,278000000
simulated,sentiment,mr,mai,google/muril-base-cased,lora,100,lora,0.606244413638045,0.7260398384788203,0.6601171265366822,0.7537872693834813,,1153.0,,5209.0,,,4749622,278000000
